Price,Close,High,Low,Open,Volume
Ticker,TCS.NS,TCS.NS,TCS.NS,TCS.NS,TCS.NS
Date,,,,,
2021-09-06,3346.227294921875,3368.4660658279004,3313.2167452834974,3344.229245553151,1723693
2021-09-07,3314.866455078125,3361.8196504818197,3308.220996519753,3356.6509369270207,1585039
2021-09-08,3278.597900390625,3314.08431398627,3262.8311096546345,3309.7408220937587,4147175
2021-09-09,3293.583740234375,3308.612268216968,3270.6501823552917,3292.1069950523597,1441148
2021-09-13,3340.44921875,3346.573372328384,3272.386619543668,3272.386619543668,1691473
2021-09-14,3375.6748046875,3384.883091952915,3322.7711604567944,3344.44514168783,1991188
2021-09-15,3435.312255859375,3457.42059387312,3358.3889487219803,3372.3750816868264,2461369
2021-09-16,3390.791259765625,3458.940621955318,3381.0618779429806,3413.9854697769574,2946666
2021-09-17,3325.24755859375,3427.015500602913,3305.3977135092737,3405.2980386219065,6477148
2021-09-20,3321.46875,3362.7319291879166,3307.873703164557,3308.87262161632,2002008
2021-09-21,3355.738525390625,3363.2094166504107,3319.861238160691,3351.4385106205073,1568129
2021-09-22,3355.0439453125,3385.187953993705,3346.6176119821243,3355.348074632068,1744067
2021-09-23,3361.211181640625,3369.680990782189,3331.458262348465,3361.8627054207454,2003869
2021-09-24,3362.992431640625,3426.494162590542,3348.83260415297,3379.2370506238785,2320754
2021-09-27,3333.153076171875,3391.3993601612406,3303.5738462002655,3387.9245657348456,1673362
2021-09-28,3282.942138671875,3344.4895176156074,3258.705533235207,3344.4895176156074,2253075
2021-09-29,3294.017333984375,3306.266066094063,3233.4256213963404,3266.1322429687943,2489161
2021-09-30,3279.814453125,3305.397579887502,3257.7061201389893,3305.397579887502,2252412
2021-10-01,3240.4189453125,3309.7411246713523,3235.9017557482384,3285.200393235141,1578374
2021-10-04,3277.85986328125,3286.8507648768555,3220.655986222067,3235.727988977081,1356860
2021-10-05,3329.98193359375,3335.802171006452,3250.322325208248,3261.0941015516205,1877966
2021-10-06,3310.52294921875,3350.9609058383885,3296.7107282346856,3332.327365878328,1678154
2021-10-07,3381.75634765625,3387.055493405651,3318.4717883990315,3327.115296164053,1647233
2021-10-08,3418.89306640625,3466.019958648897,3387.9240506234883,3409.6415124864593,2934339
2021-10-11,3201.67529296875,3264.1346306074806,3179.436526420061,3261.9628843462647,11845402
2021-10-12,3173.224853515625,3220.2647843474106,3153.8963152227384,3219.3960859971685,5752877
2021-10-13,3175.26708984375,3192.858236546606,3166.4064065140506,3170.749899527101,3545655
2021-10-14,3143.280517578125,3194.240445106672,3140.4518305354554,3155.0740091312496,6442299
2021-10-18,3174.352783203125,3179.1833532142864,3134.577130685672,3136.3178613209348,3590107
2021-10-19,3163.0380859375,3211.7351962506837,3155.2483587152783,3193.3704027509225,3135441
2021-10-20,3141.01806640625,3159.426208492171,3114.4283625664993,3143.759632251714,2933693
2021-10-21,3074.56591796875,3139.799765223235,3056.0706523617196,3136.8841684930644,4871211
2021-10-22,3045.27783203125,3099.8932567069073,3033.2231871659847,3098.5005871767303,2691670
2021-10-25,3040.142333984375,3058.942308854021,3002.7601880545794,3048.889547465273,2595594
2021-10-26,3031.13427734375,3071.5191422480484,3024.519416070266,3041.4915394122427,3878763
2021-10-27,3037.357421875,3056.070276540897,3031.482455875242,3031.482455875242,2510813
2021-10-28,2978.08544921875,3061.9452338402966,2972.297604765382,3061.9452338402966,2424942
2021-10-29,2957.284423828125,3012.335042563208,2947.0140682693504,2959.286307007717,3960501
2021-11-01,3025.73779296875,3034.9637499899923,2970.5131581120604,2992.272290245628,2020718
2021-11-02,3032.526611328125,3058.115477593055,3019.9498757574916,3041.056233416435,3087414
2021-11-03,3039.533203125,3063.5987185482923,3016.729674881842,3049.9340259076293,1537639
2021-11-04,3053.806884765625,3057.81064982747,3050.6301366669845,3057.549497759696,328991
2021-11-08,3048.67236328125,3088.0563970942476,3029.915946668684,3088.0563970942476,2526082
2021-11-09,3051.23974609375,3076.7414931890703,3042.7972447493607,3053.2416288846557,1782692
2021-11-10,3032.61376953125,3063.4246152630417,3029.045186907905,3044.5377312978912,1516489
2021-11-11,3036.008544921875,3055.0261139031104,2990.5755135530526,3028.871591142207,1284514
2021-11-12,3068.951416015625,3076.001247008398,3033.832093367419,3051.500550347196,1747259
2021-11-15,3092.6689453125,3106.855941660992,3070.6486615620647,3070.6486615620647,1809157
2021-11-16,3095.3671875,3112.034811133801,3082.8340116924446,3106.333875700264,2013204
2021-11-17,3065.33935546875,3100.9809832225665,3051.8486938011238,3090.319008678797,1632914
2021-11-18,3025.129150390625,3064.4262779312917,3004.153470552186,3059.4650248757885,2136598
2021-11-22,3010.0712890625,3060.16085491759,2994.317804519924,3027.4785951812783,3167936
2021-11-23,3015.163330078125,3029.6983897266873,2966.0312458584126,2998.4087961663104,2153461
2021-11-24,2996.92919921875,3040.229877506103,2980.131104641125,3022.0826740714665,2161746
2021-11-25,2999.19189453125,3014.075227111931,2988.8781925600256,2997.4511638196636,1849619
2021-11-26,3000.018798828125,3037.574977522078,2969.5993607935234,2981.0012315223835,1941251
2021-11-29,3048.01904296875,3071.823617064497,2964.855602539076,3000.27942498904,2981745
2021-11-30,3071.649169921875,3101.7638899496233,3038.4448235185223,3038.4448235185223,5588446
2021-12-01,3113.9931640625,3124.611578739854,3076.7414849151487,3076.7414849151487,2102118
2021-12-02,3170.654052734375,3175.0930013018956,3110.7730827907844,3123.9154729273373,3152938
2021-12-03,3168.521240234375,3190.7155548684677,3160.165861043513,3173.743431912985,2486263
2021-12-06,3077.95947265625,3183.7959681863304,3065.426298510731,3168.521016108567,1849642
2021-12-07,3119.824462890625,3131.574394610258,3067.4285135724954,3100.6764260141867,1484458
2021-12-08,3156.72802734375,3173.743712566218,3134.185649600943,3134.185649600943,1428660
2021-12-09,3134.83837890625,3163.5604352688256,3103.722817846793,3142.018892996894,1567957
2021-12-10,3165.344482421875,3169.8703393647284,3111.6429873202883,3120.259518567422,1510718
2021-12-13,3141.713623046875,3187.277325739395,3134.7942622847636,3176.8329434595285,1883864
2021-12-14,3154.030029296875,3163.7780788158257,3113.035735906248,3137.6671180553103,1747007
2021-12-15,3107.50927734375,3153.3339319320626,3096.8906491750763,3150.722835659417,1603233
2021-12-16,3117.30078125,3140.669964592238,3107.2044576794074,3117.6488424111026,2072320
2021-12-17,3119.69384765625,3178.0083208796227,3110.424330014637,3135.4908923462717,4333992
2021-12-20,3095.80224609375,3138.5372672585236,3055.112668377628,3123.7410571799337,2312310
2021-12-21,3140.5390625,3169.173995034654,3104.0706300032657,3118.2140657139958,2340989
2021-12-22,3160.078369140625,3165.3441209643534,3138.7544222855827,3154.2034041907664,1224328
2021-12-23,3187.886962890625,3194.67585477382,3159.4260598907417,3175.092635394332,1792861
2021-12-24,3195.024169921875,3224.7037142044237,3172.3077611305043,3207.2964067053445,2209923
2021-12-27,3216.957763671875,3220.352103865812,3179.5320500323537,3195.111506294972,1534135
2021-12-28,3226.052734375,3242.110932603277,3214.9991369151708,3229.0554523377605,1456218
2021-12-29,3215.738525390625,3237.715248491065,3207.296024757275,3213.606172974233,1456923
2021-12-30,3249.726806640625,3255.1665903812354,3202.944666471376,3204.1197447559684,1966475
2021-12-31,3253.73095703125,3272.5742851392106,3247.5948377482987,3257.604041014017,1207141
2022-01-03,3322.8369140625,3333.4988883136334,3259.5178424894407,3263.869668714393,2346158
2022-01-04,3381.152099609375,3384.9816224995598,3317.5718625357454,3334.4570793497937,2488606
2022-01-05,3360.4365234375,3368.313371105959,3318.1802498882444,3363.9615450450983,1733031
2022-01-06,3313.87255859375,3337.8511668408105,3283.0181489761508,3317.8327634933953,1810293
2022-01-07,3353.95263671875,3363.874716003597,3304.2546937860716,3324.7953995758726,2460591
2022-01-10,3376.88671875,3462.312983509929,3360.4802487008137,3462.312983509929,3937092
2022-01-11,3408.26318359375,3416.18359233309,3356.128390327744,3356.128390327744,1906106
2022-01-12,3359.522705078125,3419.6650281622883,3339.199804217831,3416.1835672020825,3203744
2022-01-13,3392.59716796875,3414.443424249762,3356.9993085218794,3410.09159730068,6684507
2022-01-14,3453.739990234375,3461.4428081583696,3359.653628525893,3375.146173409217,3348123
2022-01-17,3498.12841796875,3518.8867142278687,3448.64828088195,3475.10729954909,3442604
2022-01-18,3473.280029296875,3517.755570912798,3464.0540716471287,3511.0102394918767,2389041
2022-01-19,3413.16259765625,3498.0416342208123,3409.5443196960337,3498.0416342208123,3102539
2022-01-20,3336.348876953125,3417.8273982491137,3322.7908711039217,3409.1084508046006,6176776
2022-01-21,3342.407958984375,3358.145699133894,3288.001820929439,3319.302752016047,3112358
2022-01-24,3288.220458984375,3356.4896498685425,3260.973747148441,3348.0759503995805,3258414
2022-01-25,3286.955810546875,3321.3956518901114,3245.36647509271,3286.607137805823,3330501
2022-01-27,3181.76220703125,3255.1320717987264,3160.7060320416385,3253.0396093535915,5718297
2022-01-28,3217.335205078125,3251.9930207471753,3178.928199480695,3178.928199480695,3143862
2022-01-31,3257.616943359375,3276.5806552410922,3244.669220445881,3268.7336020486573,2739393
2022-02-01,3313.76708984375,3320.1756021630245,3257.747845505784,3287.0435977296747,2105169
2022-02-02,3362.20068359375,3369.0015056035154,3313.766884903713,3337.5260181924546,1984212
2022-02-03,3334.6484375,3385.1310537087656,3327.193695504169,3357.666371624586,1960538
2022-02-04,3326.19091796875,3334.735528375889,3286.171037442491,3326.539803558479,2307366
2022-02-07,3294.89111328125,3340.927210572757,3274.9682279398403,3305.353852990002,1919149
2022-02-08,3263.894287109375,3312.938365711903,3244.3202929778845,3305.832508802573,2946443
2022-02-09,3278.8037109375,3293.974593822682,3266.204874886914,3269.605179127238,1638721
2022-02-10,3287.34814453125,3304.3064532399912,3276.580160242393,3304.3064532399912,2112459
2022-02-11,3221.607421875,3271.7850066553174,3217.2915854918374,3271.7850066553174,3851488
2022-02-14,3255.43701171875,3307.3147491669633,3234.7295114768162,3246.9360379352192,5951745
2022-02-15,3328.719482421875,3343.7160280319836,3267.861192454726,3300.993189603413,3931683
2022-02-16,3324.621826171875,3360.3695095219214,3318.431288543338,3351.5632877458197,3256906
2022-02-17,3299.423828125,3343.7161207459344,3294.8900183308697,3334.9971738861013,3134372
2022-02-18,3307.880615234375,3327.1059324438424,3276.231013675727,3286.1705263010226,3688883
2022-02-21,3242.92529296875,3337.438812898183,3230.8496782327734,3321.919043560008,7465922
2022-02-22,3126.962890625,3198.022304668423,3112.6639034971936,3182.4154755643576,5408531
2022-02-23,3107.258544921875,3158.7873968002073,3100.1524750080293,3148.4119344468936,2426203
2022-02-24,2965.880859375,3037.550782181064,2956.682539532843,3028.962533260586,5039136
2022-02-25,3069.723388671875,3077.78841497173,3018.499572983606,3023.7309413943226,2549723
2022-02-28,3098.888427734375,3107.215065572524,3013.181127091719,3042.912824650469,3288942
2022-03-02,3091.86962890625,3114.3645570939316,3056.863138182847,3097.4062459767724,2761341
2022-03-03,3090.34375,3120.1627215451904,3077.8758250310893,3106.4303788627763,1928039
2022-03-04,3072.86181640625,3104.9910046737923,3040.3401052770814,3052.938939664879,2370257
2022-03-07,3038.4658203125,3093.4824622131614,2991.950364784815,3008.0367797732265,3054130
2022-03-08,3138.777587890625,3146.6682782658586,3016.7559553338515,3016.7559553338515,3300992
2022-03-09,3167.2451171875,3185.903580652901,3136.2492146549575,3143.180735701617,2719654
2022-03-10,3157.0869140625,3212.059914730972,3151.8991834290077,3212.059914730972,2005441
2022-03-11,3138.07958984375,3173.565872904547,3132.5868237611335,3141.654443106479,1623423
2022-03-14,3176.312744140625,3180.9774664485976,3121.383371952632,3121.383371952632,1765688
2022-03-15,3133.50244140625,3190.262874496947,3126.091336067845,3190.262874496947,3651133
2022-03-16,3187.559814453125,3198.109825687102,3152.9892740297114,3174.1327209416286,3090475
2022-03-17,3202.251220703125,3234.7292978853975,3191.3961743923683,3223.0459941926397,3600452
2022-03-21,3162.100341796875,3238.173151385832,3151.8992167802776,3222.5226847081344,2413831
2022-03-22,3226.838623046875,3235.6012072887484,3160.618263654463,3173.696684055792,2907611
2022-03-23,3236.822021484375,3251.993118025489,3217.291664008723,3232.985769686814,1596195
2022-03-24,3269.474609375,3276.7548028095052,3221.6510972508927,3226.010570995481,1879046
2022-03-25,3232.506591796875,3295.326659725933,3201.5979612418646,3278.2374351354124,1690133
2022-03-28,3232.72412109375,3237.3452058404378,3192.181015230141,3221.651100344847,1760990
2022-03-29,3230.675048828125,3245.1920101542364,3218.163274981001,3221.4328800422795,2689063
2022-03-30,3253.518798828125,3259.142477223061,3231.416182436141,3259.142477223061,1583455
2022-03-31,3260.842529296875,3273.6593387691028,3243.6226090320506,3260.886166604706,2168110
2022-04-01,3277.234619140625,3280.9401720854466,3250.467491029845,3267.861749927253,1387014
2022-04-04,3287.34814453125,3295.7618429260897,3258.3576468388446,3280.067738912156,1472994
2022-04-05,3326.103759765625,3344.2392110933524,3288.7866261011463,3288.7866261011463,2314947
2022-04-06,3274.27001953125,3321.308698504881,3253.1699963861447,3321.308698504881,2051729
2022-04-07,3212.19091796875,3265.681745359496,3207.7007452082726,3265.681745359496,2494829
2022-04-08,3213.4990234375,3230.370273168039,3175.87684750731,3217.291851009464,2296773
2022-04-11,3222.871826171875,3236.778718405586,3187.734636322579,3217.2917846452956,2291660
2022-04-12,3218.25048828125,3260.014157655668,3180.9769912928095,3211.1880563374766,4483476
2022-04-13,3192.835205078125,3234.5990948262,3187.255163355914,3232.1141094342306,1621672
2022-04-18,3076.088134765625,3147.5398627614222,3071.249076614158,3147.5398627614222,3820792
2022-04-19,3027.13134765625,3107.04063053991,2998.5767941194913,3095.2264139082035,3170014
2022-04-20,3101.155517578125,3111.923290814037,3034.1939532776296,3051.6318495608343,2640370
2022-04-21,3163.80078125,3177.184450731517,3110.3972281195647,3121.383187052368,2280996
2022-04-22,3149.76318359375,3153.643072364982,3113.971864238743,3122.3421383520026,1581465
2022-04-25,3093.65673828125,3124.8706111779416,3080.491256003329,3102.2013489316732,1960694
2022-04-26,3092.0,3128.270689253386,3067.456038200025,3117.1540326092236,1943469
2022-04-27,3104.990966796875,3111.312202565136,3057.1240390217918,3091.738211621223,1727648
2022-04-28,3125.1318359375,3142.656789558472,3084.8067109638346,3128.3578033624153,1703660
2022-04-29,3092.349365234375,3159.0929573513504,3083.7613288382795,3136.20571795841,2051115
2022-05-02,3088.599853515625,3093.4389119139187,3045.3103646568115,3068.9822217914025,1324161
2022-05-04,3033.97607421875,3091.2595227230418,3021.3772363341036,3085.1998961485874,2305825
2022-05-05,3063.314697265625,3080.403918216015,3038.8582216741816,3062.181404468486,1612262
2022-05-06,2992.865966796875,3029.398271221834,2985.803534263684,3015.8839027648073,2010812
2022-05-09,3003.7646484375,3013.2682159401834,2918.1009903888535,2962.6983211124834,2481830
2022-05-10,2998.227783203125,3020.9406818291613,2983.623547545211,2994.0862835389403,1622685
2022-05-11,2974.905029296875,3006.685551881528,2948.8788846185103,2994.958609506086,1841769
2022-05-12,2971.984130859375,3007.7754550444442,2920.934860508519,2945.2606403315326,2807195
2022-05-13,2977.433349609375,2999.230718747237,2948.8787960387763,2994.958519542189,2187823
2022-05-16,2944.214599609375,2990.5993634905226,2935.3213146291287,2977.5209406181148,1195813
2022-05-17,3009.43212890625,3022.8592234664716,2921.1962062592934,2938.285429213155,1754076
2022-05-18,3006.99072265625,3047.2722184211916,3001.9773277332397,3021.1153753446147,1866781
2022-05-19,2844.07666015625,2968.8012301822614,2816.2196691596782,2961.8260731069436,4642963
2022-05-20,2871.14892578125,2889.371437825948,2851.1389872286045,2885.971134022453,3065125
2022-05-23,2896.21630859375,2911.1692180116047,2848.4800723039907,2881.437735548261,2293690
2022-05-24,2866.789794921875,2898.9192000018056,2855.9783857074317,2890.4616510569685,1711510
2022-05-25,2780.461181640625,2890.357885421766,2768.523667729061,2890.357885421766,3548046
2022-05-26,2832.512939453125,2845.2845046149496,2791.78459666296,2800.9572278964383,2813186
2022-05-27,2862.664306640625,2878.112892084147,2834.4878731863514,2855.554301399254,3103153
2022-05-30,2962.686279296875,2972.649031269277,2884.652794101805,2894.0009370688977,2094624
2022-05-31,2953.118896484375,2969.8402056716036,2918.578639497407,2944.165491324145,4840965
2022-06-01,2945.08642578125,2973.8772519538998,2931.788329574225,2973.8772519538998,1493835
2022-06-02,3004.60009765625,3012.500010270596,2937.275329680426,2944.9118690145247,2657939
2022-06-03,3019.6533203125,3052.262528156964,3011.797340038392,3036.5503533099322,1913622
2022-06-06,3011.577880859375,3030.9327068602524,2964.3539226711787,3000.210828858483,1084210
2022-06-07,2951.669677734375,3000.9564672739875,2945.788676454605,2985.3321578943005,2308256
2022-06-08,2988.052978515625,2996.655145262253,2937.449753818976,2966.986552670218,2185707
2022-06-09,3008.1982421875,3016.888058060886,2943.243422200155,2971.244130502211,1279197
2022-06-10,2949.2119140625,2978.2661136522997,2942.27763423593,2968.610667955225,1527582
2022-06-13,2826.06103515625,2890.4891000419943,2802.229512994808,2887.8557968837417,3030921
2022-06-14,2818.117919921875,2843.0025125943066,2786.649853360226,2800.07974578441,2611493
2022-06-15,2814.38720703125,2838.70133453844,2809.734994390088,2825.095932347547,1404536
2022-06-16,2757.94677734375,2848.2252927417594,2750.090797397265,2843.968032652371,2032028
2022-06-17,2711.337158203125,2737.5386155213027,2654.2385282186283,2714.058324390178,5240434
2022-06-20,2731.964111328125,2755.093376006696,2693.8690787621026,2715.813271322889,1502769
2022-06-21,2819.346923828125,2841.993381401865,2743.376059515087,2747.413878090599,2964461
2022-06-22,2829.001708984375,2853.2281861623023,2793.934927975882,2808.7691181856167,3336315
2022-06-23,2904.358154296875,2912.4335752382617,2829.0017025634374,2829.0017025634374,3692578
2022-06-24,2890.576904296875,2936.1329622973226,2876.8836424303363,2930.8663560869236,2132118
2022-06-27,2909.536865234375,2951.8452300646477,2902.3392121800593,2940.5221112364125,2037686
2022-06-28,2912.565185546875,2922.966819859582,2872.5830330686026,2902.778160142834,1400046
2022-06-29,2888.295166015625,2925.600300358632,2871.1786926111868,2871.1786926111868,2133994
2022-06-30,2867.755859375,2906.2019255430264,2857.1347810745174,2872.056836766765,2719603
2022-07-01,2909.8876953125,2925.599650922588,2854.544400730377,2861.5226108633774,1502879
2022-07-04,2839.622802734375,2912.3896686210524,2830.8451246154136,2907.166993000027,2622535
2022-07-05,2823.1650390625,2872.0566699547176,2814.9578231889177,2857.134615129158,2170627
2022-07-06,2862.181396484375,2868.9840970357063,2810.8319794194863,2825.095706381955,2182144
2022-07-07,2885.96923828125,2913.66264372781,2865.956087561214,2871.1787636386753,1989921
2022-07-08,2866.306884765625,2901.022644904037,2852.745414807298,2896.6338058043334,2136916
2022-07-11,2733.19384765625,2830.80159948252,2726.34721488146,2814.2555881350117,6974600
2022-07-12,2707.650390625,2752.8554340083,2703.7443666293075,2734.158936312343,3734815
2022-07-13,2667.31689453125,2729.8578501002676,2664.0252652907757,2724.591243315508,3863530
2022-07-14,2639.15478515625,2690.4197342968428,2611.212087556013,2689.5396493330554,4764908
2022-07-15,2635.501953125,2665.688689015533,2598.890340539718,2656.5799405130747,4574806
2022-07-18,2696.1396484375,2707.9767454259254,2652.8395214403786,2660.496215840236,3202795
2022-07-19,2705.6005859375,2709.736941355733,2666.7008823385627,2666.7008823385627,1865074
2022-07-20,2785.292724609375,2791.585245676255,2726.547057742832,2735.127885487383,3402251
2022-07-21,2796.29345703125,2802.189982174116,2767.03063765082,2787.228540686377,2420640
2022-07-22,2790.7490234375,2813.6312292430425,2766.5466903739457,2803.070211178946,2075886
2022-07-25,2787.008544921875,2804.3461725371144,2771.4751341224537,2785.4683965193763,1797504
2022-07-26,2742.256591796875,2788.9010938413444,2725.1830298245063,2785.204780048454,2639367
2022-07-27,2806.458740234375,2811.079185829187,2737.063961878892,2741.464386254903,1389808
2022-07-28,2869.516845703125,2872.597142884527,2817.723762864332,2830.353067253872,2106333
2022-07-29,2905.95166015625,2919.5050938055115,2882.2774670596104,2895.4787379011045,2430257
2022-08-01,2903.224609375,2928.042964841693,2878.758201982921,2928.042964841693,1306913
2022-08-02,2897.063720703125,2915.6333844814667,2879.3298798012397,2895.4795247987254,1269114
2022-08-03,2939.043701171875,2947.4045082271623,2884.0824388181722,2886.678646457179,2895824
2022-08-04,2952.640625,2981.6393778391775,2910.748715052076,2948.284247964706,2150567
2022-08-05,2961.529052734375,2972.0460218910716,2952.684158556276,2958.140640705015,1106933
2022-08-08,2969.8017578125,2973.7180917346627,2935.962544242779,2961.4850004127557,1068836
2022-08-10,2952.024658203125,2979.0872677998295,2935.0830245531556,2979.0872677998295,1878359
2022-08-11,3012.09033203125,3017.5468150068145,2970.3303498018386,2992.2884233473337,1449248
2022-08-12,2993.653076171875,3009.010515943408,2975.7873082871156,3009.010515943408,1472354
2022-08-16,2985.86376953125,3005.3577774981677,2981.2873713731783,3001.969364945804,839942
2022-08-17,2993.256591796875,3008.0858922168222,2966.854046980335,2979.1752345613872,1622326
2022-08-18,2975.787109375,2985.248022181146,2958.845474815157,2983.4878523567468,1430659
2022-08-19,2979.747314453125,3011.2103481950435,2966.986083984375,2980.847420528017,1398410
2022-08-22,2952.288818359375,2978.2953698990436,2945.996082460912,2961.4856625107705,1536532
2022-08-23,2890.7265625,2941.155248644901,2877.877238729922,2921.8374306422184,1849256
2022-08-24,2864.984619140625,2911.3210056702032,2860.4520527433338,2897.2396465133943,1691923
2022-08-25,2832.288818359375,2885.0498583635745,2829.25256881732,2883.157762017432,1946930
2022-08-26,2835.80908203125,2866.436074774527,2831.0567102540363,2846.458193615582,1457962
2022-08-29,2756.91015625,2765.8429325569255,2711.541734052689,2750.265471896999,2539173
2022-08-30,2826.08447265625,2839.5938614918264,2765.314783665754,2776.6677926566595,3431525
2022-09-01,2756.16162109375,2807.4706096920486,2746.7447563789606,2807.4706096920486,3546935
2022-09-02,2755.01708984375,2783.707937331414,2746.1283631926813,2783.707937331414,2052900
2022-09-05,2757.657958984375,2770.463237341752,2739.0442491650956,2749.077131149413,2147912
2022-09-06,2752.069580078125,2764.214794894149,2733.85186528633,2759.506254646854,1936453
2022-09-07,2771.9150390625,2782.73990969169,2730.022918646201,2730.022918646201,1291534
2022-09-08,2789.56103515625,2801.7502970448945,2781.1563961991515,2789.869150819009,1346113
2022-09-09,2831.804931640625,2845.754362458832,2788.548847209157,2811.8710957340245,1561185
2022-09-12,2854.0712890625,2877.701654619494,2838.273808049508,2851.3869871393563,1785928
2022-09-13,2842.10205078125,2872.1128147669933,2838.273595799271,2872.1128147669933,1972678
2022-09-14,2746.216064453125,2764.697842160591,2740.407634663715,2759.0653863288444,5090269
2022-09-15,2732.091796875,2761.486548220436,2728.263341401753,2754.6658898669316,2138023
2022-09-16,2647.9111328125,2723.2905259336594,2640.2544379154365,2707.140883675961,5322221
2022-09-19,2665.600830078125,2677.2179062249493,2629.5173540244687,2671.93739753417,2072220
2022-09-20,2675.721923828125,2710.61720102937,2666.6570072003938,2684.258703617558,1544295
2022-09-21,2641.310302734375,2676.6896666312164,2638.626001280077,2664.8966169537493,2253818
2022-09-22,2646.766845703125,2666.612800197156,2622.0365926375753,2631.4534566835873,2017983
2022-09-23,2624.457275390625,2660.056667387396,2621.772973415071,2643.7750963876715,2652374
2022-09-26,2635.326171875,2663.00501422092,2575.2165443379304,2604.9194100878144,2925489
2022-09-27,2655.61181640625,2662.256499568145,2619.1323446991073,2648.527090847732,2227447
2022-09-28,2671.62939453125,2684.214650414333,2622.652760305555,2622.652760305555,2739767
2022-09-29,2637.87841796875,2689.407429965768,2631.453755459116,2687.779187014094,2493902
2022-09-30,2644.259033203125,2657.5922330079447,2596.3384551119543,2632.2019134840502,2817353
2022-10-03,2627.009033203125,2658.4720642332236,2617.372147790572,2635.8539282558045,1763331
2022-10-04,2720.474365234375,2726.5030327729664,2660.4966649685857,2666.6132120788957,2145875
2022-10-06,2729.978515625,2749.3844249777676,2721.6177115157525,2737.943324617745,1790816
2022-10-07,2697.3720703125,2732.663560045022,2691.387665003336,2725.9748289925205,1939879
2022-10-10,2744.5888671875,2752.0255417803355,2644.6551816597084,2649.055606254816,3064063
2022-10-11,2701.464599609375,2767.8669611577366,2687.2072674564333,2728.263141363747,4730645
2022-10-12,2728.92333984375,2736.9760309872313,2694.8640961111873,2714.97390779249,1665247
2022-10-13,2731.16796875,2737.064495590749,2686.3276785877424,2728.9237089077224,2054781
2022-10-14,2727.515380859375,2772.2677896959835,2702.7410737004334,2767.867364632974,2245977
2022-10-17,2745.69140625,2760.3826551550005,2710.132155751458,2711.190947627584,1517005
2022-10-18,2774.765380859375,2784.1626709744187,2760.515312292103,2779.4419453117853,1793722
2022-10-19,2754.603271484375,2787.3829499859935,2745.911915275851,2787.3829499859935,1194289
2022-10-20,2785.883056640625,2788.265392214425,2739.7354565904398,2739.7354565904398,1587601
2022-10-21,2768.323974609375,2788.6183117668575,2759.1474909324643,2786.324298557894,1021913
2022-10-24,2789.765869140625,2804.1484230161673,2783.8540826356225,2797.177844444988,260949
2022-10-25,2790.117919921875,2809.662158733171,2780.455880383438,2806.353300102332,2069643
2022-10-27,2785.9716796875,2800.618985502652,2765.6333934178274,2788.8835194484113,2438421
2022-10-28,2791.133056640625,2804.58908417995,2775.0299417165147,2779.4417540244904,1355739
2022-10-31,2817.51513671875,2822.6770424237307,2803.971004451441,2822.6770424237307,1919414
2022-11-01,2876.237060546875,2878.7960411046947,2826.604168845417,2836.3543177659885,2991060
2022-11-02,2860.3544921875,2885.325394187665,2843.0161551154115,2885.325394187665,1405955
2022-11-03,2829.51611328125,2848.310478720669,2819.148353296513,2848.310478720669,1422652
2022-11-04,2838.9130859375,2841.2514758680345,2793.692006783395,2838.560227097683,1464013
2022-11-07,2853.29541015625,2861.3249946157302,2819.2363488543742,2849.1483497272793,1474498
2022-11-09,2837.722412109375,2867.5021512162307,2825.01626083811,2867.5021512162307,1162267
2022-11-10,2828.5458984375,2845.619702822668,2797.0897544024365,2797.0897544024365,1573092
2022-11-11,2925.869873046875,2948.502600302408,2872.1340832542387,2884.972500644262,3265394
2022-11-14,2943.1201171875,2955.032010931176,2919.737510949914,2932.972948442887,1342074
2022-11-15,2940.561767578125,2947.04700361366,2904.737758867368,2930.3262749691767,1400708
2022-11-16,2960.635009765625,2971.7084864646695,2930.72279268046,2946.1199747492524,1748235
2022-11-17,2955.03173828125,2964.7377248805615,2927.4579127150246,2947.090476518177,1417986
2022-11-18,2950.135009765625,2967.164649978448,2930.3260137026023,2955.9145275229503,1164540
2022-11-21,2897.23779296875,2941.5323553991875,2887.972985042399,2931.649936695195,1304194
2022-11-22,2924.9873046875,2928.5167544201013,2872.31031051253,2894.148780733,1149739
2022-11-23,2919.11962890625,2938.266850281943,2903.8547159993614,2938.266850281943,1150011
2022-11-24,2982.517333984375,2993.811616370863,2919.1197215276015,2926.134459885213,1296591
2022-11-25,2990.89990234375,3002.9884406892334,2954.1495911194506,2985.0322780039132,1588981
2022-11-28,2995.841064453125,3015.0324474593413,2969.6349431563262,2970.031963168903,2195437
2022-11-29,2997.6943359375,3025.6210229911208,2985.0323478503824,2985.0323478503824,1576028
2022-11-30,2991.91552734375,3013.180339453514,2977.9741534081227,2985.03305510509,3410702
2022-12-01,3066.783203125,3070.6215662510285,3017.679815108769,3022.0916277039573,2180856
2022-12-02,3034.5771484375,3060.827434912216,3011.503453385087,3051.298091486406,2411749
2022-12-05,3022.8857421875,3034.577045852439,3006.2091763355406,3029.150602395043,1475065
2022-12-06,2987.10595703125,3007.047220155349,2971.7968815829117,3000.07664261676,1166999
2022-12-07,2982.914794921875,2994.473614579414,2959.4438659290595,2972.0616929376706,1167505
2022-12-08,2956.399658203125,2982.914693880783,2946.6053484812223,2964.737940576892,1285619
2022-12-09,2905.398681640625,2977.1789463074856,2890.9280250014735,2977.1789463074856,1797896
2022-12-12,2899.83984375,2908.266447688295,2855.41302650925,2872.530770767368,1527610
2022-12-13,2940.12060546875,2943.958753656752,2883.384645278001,2891.67876783143,1378016
2022-12-14,2969.458740234375,2979.7381772420185,2947.8848046662138,2954.8555977030205,1213311
2022-12-15,2916.296630859375,2968.9294722548675,2910.869971774407,2963.6794580212227,1415694
2022-12-16,2859.07568359375,2904.737952439048,2845.796082130471,2889.7377868280323,2703680
2022-12-19,2825.36962890625,2863.7082465251106,2818.707747195953,2847.3845359841416,2120965
2022-12-20,2862.33984375,2866.7958175446647,2791.4860905554474,2822.5893692776544,1529971
2022-12-21,2884.0458984375,2896.8401542703996,2858.854406799651,2866.7956690407614,1432566
2022-12-22,2876.237060546875,2906.502138037383,2863.3546970197967,2906.502138037383,1384101
2022-12-23,2848.574951171875,2882.545906087743,2838.5600510219747,2838.5600510219747,1360281
2022-12-26,2870.237060546875,2887.09027146601,2845.6633927147495,2848.575232221792,870157
2022-12-27,2876.060546875,2888.6783736131365,2851.354397062912,2884.6194199757956,835883
2022-12-28,2873.943115234375,2881.884378094464,2846.501554071851,2867.5018256081944,910795
2022-12-29,2884.222412109375,2886.6489089761594,2848.2661403561187,2851.00155026507,1037927
2022-12-30,2873.590087890625,2910.9140670266365,2864.3252810692306,2899.487515031026,1163131
2023-01-02,2877.78173828125,2882.546626036524,2854.6197177809076,2877.384718156788,709547
2023-01-03,2921.811279296875,2929.443629089992,2863.531190519576,2869.4429764459805,1245178
2023-01-04,2924.72265625,2935.9288318835124,2899.6194872236865,2917.707917742617,1231668
2023-01-05,2921.590576171875,2944.70843071638,2895.869579901462,2938.443570763314,1826057
2023-01-06,2833.751220703125,2913.163842641352,2823.559891136948,2911.7961377349775,2488376
2023-01-09,2929.399169921875,2935.619868272381,2842.221716863226,2849.1483482571443,2885060
2023-01-10,2899.795654296875,2910.031144125433,2850.11882438517,2898.5604331267577,3864655
2023-01-11,2937.1201171875,2955.473300937228,2886.3401103867363,2903.061052704587,2720512
2023-01-12,2942.10595703125,2955.9148461892505,2925.5174963028508,2937.385230735527,2250391
2023-01-13,2977.576171875,2981.502641592047,2916.207821977424,2949.649271801032,1742837
2023-01-16,3008.710205078125,3025.8110015993384,2976.2231200624447,2993.323916583658,1843607
2023-01-17,3048.732177734375,3051.8005344403805,2996.933416683974,3005.0551874608955,1688475
2023-01-18,3059.200439453125,3076.3012356043387,3043.1825020489086,3050.1762493662427,2421189
2023-01-19,3043.949462890625,3056.4929982286035,3033.030105416692,3050.1760655484736,1585044
2023-01-20,3034.92529296875,3063.3964349074176,3028.157150767711,3036.6398008661617,1529349
2023-01-23,3081.670654296875,3085.3706604429835,3028.1573821258276,3057.395670541336,1067916
2023-01-24,3100.982177734375,3115.1049457004037,3083.8362182605956,3090.784799878651,1387863
2023-01-25,3095.0712890625,3099.8089883897333,3072.7364208055433,3091.055568934269,874110
2023-01-27,3078.19677734375,3109.736281462884,3052.2522276942846,3091.6878990980385,1785879
2023-01-30,3098.590576171875,3120.970609015345,3055.1843591556817,3086.272646280671,1953798
2023-01-31,3030.954833984375,3112.4433186610536,3024.0062513288462,3112.4433186610536,2820375
2023-02-01,3075.759521484375,3085.3701945661082,3027.615385425356,3034.83473656795,2205161
2023-02-02,3122.730712890625,3130.49160464965,3086.3634023563964,3092.5900055158118,1813847
2023-02-03,3142.493408203125,3162.0758544483574,3115.9621601108056,3162.0758544483574,1804469
2023-02-06,3122.324462890625,3134.2363491995434,3101.4787169293004,3134.2363491995434,1138714
2023-02-07,3133.695556640625,3152.1499835660047,3123.633451270605,3130.401594665035,1455647
2023-02-08,3176.605224609375,3194.4729446376878,3138.658461421749,3138.658461421749,1986946
2023-02-09,3195.330322265625,3201.421650359285,3163.249283575588,3172.0027035874955,1655427
2023-02-10,3192.3525390625,3196.6841945451315,3165.821286929602,3176.5150407476153,1187821
2023-02-13,3142.58349609375,3202.684683091803,3134.4617259760194,3202.684683091803,1087939
2023-02-14,3158.556884765625,3180.8917554026953,3153.954459659008,3162.9786498154,1579818
2023-02-15,3177.101318359375,3181.929348066534,3122.504969647513,3146.7350075745903,1429449
2023-02-16,3210.85205078125,3226.148009166878,3182.8318960368056,3183.0123357780853,1618931
2023-02-17,3159.504150390625,3193.570467173406,3149.442266805479,3182.0646250812088,1061369
2023-02-20,3147.005615234375,3178.319508405955,3135.9509832133717,3160.271129596154,1296082
2023-02-21,3114.248291015625,3166.498268391457,3108.6081716824324,3153.05231202799,1139541
2023-02-22,3069.62353515625,3110.638436535389,3063.712646370074,3081.7158621873755,1218430
2023-02-23,3080.677734375,3115.510972284333,3075.443660607491,3087.1751064959585,1441570
2023-02-24,3068.631103515625,3098.862144537813,3052.252284342413,3088.529489505604,977592
2023-02-27,3006.72509765625,3059.2006789935385,2992.421667121703,3059.2006789935385,1128022
2023-02-28,2989.578857421875,3061.0052327901076,2977.892355176233,3003.701626574845,4116217
2023-03-01,3055.319580078125,3058.297606467113,2991.518608863523,2998.737959955803,1669307
2023-03-02,2997.33935546875,3041.0615092127086,2994.22605417747,3033.0300687433623,1556538
2023-03-03,3016.01953125,3030.3229603301693,3006.047977690829,3026.713284379806,1043190
2023-03-06,3042.821533203125,3072.6914693231265,3031.22536115521,3033.8422880766893,1334132
2023-03-08,3059.56103515625,3064.6146692630373,3005.8221644268447,3035.7372636633854,1844590
2023-03-09,3011.236328125,3054.687706188105,3005.821815204135,3054.687706188105,1648500
2023-03-10,3005.957763671875,3011.5978825619827,2968.9585837527675,2989.623891239265,1024404
2023-03-13,2961.6943359375,3040.971942394347,2952.715309911197,3007.7628752854584,1901233
2023-03-14,2901.232421875,2981.9537713256764,2896.22395149515,2959.9348320434433,2670334
2023-03-15,2886.74755859375,2942.201372938956,2880.5209566826484,2932.861249755203,1780522
2023-03-16,2874.204345703125,2905.608569116776,2862.4728993941326,2894.959981480573,1901060
2023-03-17,2869.060546875,2907.0522516200167,2837.205114597425,2843.0708376396906,6739966
2023-03-20,2836.573486328125,2860.3520931076205,2793.031772654829,2860.3520931076205,2289468
2023-03-21,2803.003662109375,2848.7110949967246,2795.197605797223,2836.5736038648693,1815297
2023-03-22,2825.293212890625,2836.753889168361,2803.003509518878,2824.616398697249,1123939
2023-03-23,2819.7431640625,2839.3258306983194,2798.4010449295647,2810.9445796742175,1372218
2023-03-24,2815.998046875,2860.6677803537095,2802.9129734317416,2841.6266543197817,1329577
2023-03-27,2817.623046875,2845.1016629132937,2802.913572280926,2829.0837247587583,1524217
2023-03-28,2811.847412109375,2842.2139451414596,2806.6585026044622,2821.8643516283278,1303530
2023-03-29,2832.6025390625,2842.619476774167,2801.1985382394446,2823.6686802623394,1740616
2023-03-31,2893.06494140625,2899.472204338833,2844.424646148771,2878.671402631456,2382581
2023-04-03,2887.740478515625,2910.2557859956287,2864.0519824028015,2910.2557859956287,1521830
2023-04-05,2923.657470703125,2945.8119038720597,2874.6560690662195,2874.6560690662195,2655065
2023-04-06,2906.420654296875,2939.4944408464216,2901.276910369909,2910.301099826736,1703464
2023-04-10,2944.95361328125,2952.7145035874473,2901.2766286777637,2905.788722968087,2203187
2023-04-11,2900.1943359375,2953.572333679193,2880.6568316583844,2945.4957273871946,2348779
2023-04-12,2925.326416015625,2942.7431464979895,2886.8383344135827,2912.963319978562,2417727
2023-04-13,2877.678466796875,2914.8129147197915,2869.6919717674728,2896.764537538864,4174070
2023-04-17,2833.144287109375,2854.7120118386847,2770.6517749633886,2828.2713129172603,5505048
2023-04-18,2825.248046875,2848.8012689229336,2807.064393679631,2847.08654077672,2617302
2023-04-19,2788.113525390625,2833.595349886156,2771.7796551513784,2825.2479750497077,3298034
2023-04-20,2801.83056640625,2809.230358172251,2777.6456930466393,2788.4747210897062,2419999
2023-04-21,2852.411376953125,2855.6599533822787,2798.22106827922,2806.5232795765946,1929184
2023-04-24,2864.999267578125,2870.549055104752,2821.096460503156,2843.6119859525866,1640676
2023-04-25,2866.082763671875,2879.7994885025946,2840.3638219953486,2872.3996967152325,2024090
2023-04-26,2886.0712890625,2895.3210839802464,2870.5948910586885,2870.5948910586885,2000029
2023-04-27,2876.866455078125,2887.018668292053,2861.254563139059,2874.20436323212,2434446
2023-04-28,2905.111572265625,2912.330922293776,2884.3559409346913,2888.100890634963,2931312
2023-05-02,2905.24755859375,2919.325382723846,2896.7649083596743,2919.325382723846,2321159
2023-05-03,2869.60205078125,2902.1794643631756,2863.510722614443,2902.1794643631756,2468285
2023-05-04,2906.420654296875,2909.804725343185,2867.8874093796485,2869.827521986016,1953253
2023-05-05,2915.44482421875,2927.447040179334,2896.809961242115,2905.788985628069,1710027
2023-05-08,2933.4033203125,2937.2386011027506,2915.9865893662864,2928.349685732607,928235
2023-05-09,2962.866943359375,2976.177622538405,2929.2518383140277,2935.2078913616624,1107375
2023-05-10,2966.071044921875,2983.8486565469284,2947.3458492093846,2968.958741883984,1559987
2023-05-11,2961.875,2986.736692275095,2952.715533522577,2986.1050429175452,1719623
2023-05-12,2954.79052734375,2968.9584613481547,2941.8858917917887,2959.1671272317485,1027479
2023-05-15,2937.418701171875,2970.7630356526083,2931.372538570999,2963.5436844116543,1150390
2023-05-16,2940.21630859375,2964.446346309158,2933.2677265181874,2938.456635647952,986306
2023-05-17,2895.591552734375,2959.9340659758723,2886.161319057114,2938.2308468250335,1588815
2023-05-18,2887.60546875,2913.865728945654,2883.228648558824,2911.1584719986504,1369364
2023-05-19,2908.361083984375,2918.8741769245094,2890.4931442019483,2896.764912019686,1152449
2023-05-22,2976.809814453125,2985.6084005993453,2903.12738372472,2914.813666901652,1333243
2023-05-23,2975.321044921875,3003.2057079897186,2969.04927601433,2983.3976520944498,1687418
2023-05-24,2981.005615234375,2993.5039850346407,2956.324369747154,2956.324369747154,1016555
2023-05-25,2972.1171875,2983.3974258008197,2948.2934123355303,2972.568397032033,1374917
2023-05-26,3004.062255859375,3012.8608403328844,2969.8606669045807,2972.1167142054805,1791115
2023-05-29,2996.346923828125,3042.9567756365113,2988.8116372799896,3032.84972720672,1210372
2023-05-30,2992.601806640625,3002.3028107703726,2979.201016847023,2991.518947917476,1344224
2023-05-31,2968.507080078125,3002.9794392550057,2946.5330909329136,2986.1042492714746,5815424
2023-06-01,2999.640869140625,3014.0795736852247,2975.7267647386316,2990.61667880025,1177314
2023-06-02,2983.0361328125,3010.379250409834,2975.681286269555,3001.670995775546,2030661
2023-06-05,2967.965576171875,3002.347826057909,2964.491395428479,2991.518798732182,1861468
2023-06-06,2916.888671875,2967.920505036819,2906.3304147456515,2959.9340095974917,2022849
2023-06-07,2955.331298828125,2958.8960294127637,2924.739389025935,2935.56841484152,1567196
2023-06-08,2920.6337890625,2950.9099891306146,2917.520487724549,2942.7882185183284,1759366
2023-06-09,2896.133056640625,2932.8614622739865,2892.568546003746,2928.349367716642,1775689
2023-06-12,2930.063720703125,2936.8318621815274,2897.6669716200145,2901.2766470751626,2324605
2023-06-13,2927.17578125,2946.397345515402,2922.9344570059375,2941.885251571274,1371928
2023-06-14,2933.809814453125,2938.141470425903,2911.068895992508,2927.176945590073,1658544
2023-06-15,2924.035888671875,2952.3552093195044,2918.3083232724543,2950.4006679163926,2273810
2023-06-16,2886.398193359375,2908.671889511213,2869.2157165388,2906.490065201059,4156189
2023-06-19,2918.672119140625,2922.7632059010452,2886.4889920742507,2900.1259479423184,1468186
2023-06-20,2934.39990234375,2938.76377229002,2910.171667991738,2921.9448612962487,1528452
2023-06-21,2962.12841796875,2965.0375906543964,2930.9907039438817,2954.673593600641,1645987
2023-06-22,2944.21875,2970.7198119240816,2936.5821435529915,2963.7650532654006,1529603
2023-06-23,2924.081298828125,2954.127877366656,2917.5353831715756,2943.1275340242505,1119505
2023-06-26,2899.807373046875,2921.8537828251756,2884.6704423318647,2913.76261193622,1978803
2023-06-27,2906.807861328125,2917.989986483776,2893.1254058850895,2911.035228452272,863542
2023-06-28,2923.262939453125,2937.354458913725,2903.2165722164345,2916.4899632002866,1575872
2023-06-30,3002.176025390625,3009.2217863707983,2922.0362650887305,2927.4000459558824,2672406
2023-07-03,2974.947265625,3017.221826572155,2971.719808516399,3013.130740028882,1687264
2023-07-04,3008.17578125,3013.766843625605,2979.4926768539303,2991.038586886347,1656681
2023-07-05,3018.26708984375,3026.4947634355667,3004.6756362735196,3018.312590749799,1453008
2023-07-06,3020.949462890625,3025.9951812448,3001.9487253976645,3006.085313308048,1848238
2023-07-07,3026.722412109375,3051.859779118901,3001.948608480936,3001.948608480936,1789326
2023-07-10,2974.62939453125,3022.631527699752,2968.492763863689,3022.631527699752,1407431
2023-07-11,2975.0380859375,2995.58452074979,2964.4923069892843,2995.58452074979,1110172
2023-07-12,2963.67333984375,2990.26539720358,2954.764041779985,2982.8105742322873,1515240
2023-07-13,3036.9951171875,3061.450632260369,2975.356041518413,2985.5837568853312,4585146
2023-07-14,3195.274658203125,3204.547964647963,3047.4047065554155,3059.223400226424,6306101
2023-07-17,3174.41015625,3227.321494187628,3161.091486422009,3191.0472847754263,2743228
2023-07-18,3179.09228515625,3203.775083295527,3150.136397167708,3160.1368301745892,2600090
2023-07-19,3154.727783203125,3197.2751275399046,3132.5448697161914,3181.9561925165294,2405370
2023-07-20,3156.779052734375,3170.9982338938335,3131.940826772371,3147.4818530276434,1715404
2023-07-21,3070.18701171875,3130.892412746542,3061.755687476042,3102.772940548675,3770223
2023-07-24,3094.2958984375,3111.3408007755556,3073.650637395516,3081.7628492870426,1680132
2023-07-25,3098.306396484375,3105.279462829651,3081.0336204622276,3096.802519593953,1272980
2023-07-26,3088.4169921875,3118.0861839499244,3085.4090157010746,3099.4005458932415,1066803
2023-07-27,3096.255126953125,3109.6996688694317,3085.454052221402,3094.4777574436316,1701769
2023-07-28,3058.428466796875,3093.3387496319633,3036.1880906607657,3085.408792220562,2599831
2023-07-31,3118.632080078125,3123.371805858388,3063.4410565586927,3066.631286559437,2743678
2023-08-01,3146.524658203125,3153.7709950290664,3112.753742203544,3112.753742203544,1956167
2023-08-02,3136.13330078125,3141.374393886134,3111.477553853232,3130.937826905583,1914899
2023-08-03,3099.03564453125,3129.3884555329005,3069.913440103345,3117.3111535491207,2026351
2023-08-04,3138.7763671875,3163.79684221967,3100.2201122442098,3100.2201122442098,2248493
2023-08-07,3175.692626953125,3179.2929859139754,3136.680615761602,3148.256552023698,1853889
2023-08-08,3163.4326171875,3181.06990066204,3150.67169533121,3175.6921726071587,1634225
2023-08-09,3156.049072265625,3160.1507966916743,3121.9136546042855,3158.236569613068,1794589
2023-08-10,3137.455078125,3158.236973179639,3126.471525696296,3144.6557951355153,1096701
2023-08-11,3143.562255859375,3159.8322990598804,3111.8422029571116,3133.80930927876,1679974
2023-08-14,3144.519287109375,3149.213394617888,3109.1076379281085,3136.178979187144,1190425
2023-08-16,3152.31201171875,3159.2394578812937,3131.165387032337,3144.655548093036,1328445
2023-08-17,3131.667236328125,3154.5002181176783,3111.112990794358,3149.213505497685,1843241
2023-08-18,3069.0927734375,3108.1957927852245,3059.4308441300896,3108.1957927852245,2526749
2023-08-21,3100.584716796875,3107.967910164372,3073.558997895524,3076.293480989737,1375579
2023-08-22,3082.810546875,3109.1072480565263,3067.224126908382,3099.0808101413627,1222012
2023-08-23,3097.48583984375,3100.9039438382806,3077.205089476201,3088.143022258699,1330046
2023-08-24,3087.915283203125,3110.9761369975763,3079.1194508870794,3106.3730455778173,1152881
2023-08-25,3082.0361328125,3086.137857710432,3053.734186510207,3076.2936734488317,1158046
2023-08-28,3076.794921875,3093.6119488049294,3062.7123781054756,3093.6119488049294,1037485
2023-08-29,3077.341796875,3089.555955621917,3067.1787231057706,3081.8082530524075,944517
2023-08-30,3090.83203125,3106.464294438142,3083.6313141767887,3097.2581115677926,1188200
2023-08-31,3059.70458984375,3114.941019553153,3047.7183044022304,3099.9925997056025,3417652
2023-09-01,3080.1220703125,3089.054760630272,3059.704683185733,3068.090387808054,1277950
2023-09-04,3115.944091796875,3129.0241274875875,3071.782225743971,3079.0285628462316,1828332
2023-09-05,3125.833740234375,3141.921529082659,3103.7753953952833,3117.311177679923,1501842
2023-09-06,3126.33447265625,3139.0953939260744,3097.3491295124654,3130.0716886126784,1314818
2023-09-07,3149.441162109375,3153.770760697037,3119.407464834157,3127.1551675699734,1885092
2023-09-08,3137.2724609375,3158.3280704200915,3131.0288578677555,3149.4410000920693,1518917
2023-09-11,3172.5927734375,3177.1958644886363,3140.0980883290167,3155.5934925384777,1783604
2023-09-12,3263.879150390625,3272.1736158051285,3174.7349547012377,3182.9384041965895,4476016
2023-09-13,3252.075439453125,3271.2168221792035,3231.2477030451937,3255.0377963035894,1754929
2023-09-14,3244.9658203125,3279.2834969091505,3231.794770182642,3254.0807646975677,2604721
2023-09-15,3279.830322265625,3288.079391037457,3247.153159229306,3252.0753624763356,2952897
2023-09-18,3286.985595703125,3298.971881144957,3258.820506435336,3263.195724267092,1395753
2023-09-20,3286.894287109375,3304.1670607548986,3263.1498144834586,3263.1498144834586,1649396
2023-09-21,3267.980712890625,3285.937106943507,3215.7520425233542,3270.9430695057613,2004073
2023-09-22,3284.706787109375,3312.1428582437647,3249.52323591542,3266.796010717758,1989083
2023-09-25,3260.552490234375,3299.6101189147753,3243.6898418366063,3283.658965024994,1238778
2023-09-26,3268.345947265625,3276.7772718114297,3223.044712861221,3251.8480295119207,1726062
2023-09-27,3271.627197265625,3294.141066523065,3241.0008935775677,3272.2651988981193,1541134
2023-09-28,3223.727783203125,3283.9320321574332,3215.159824951922,3281.37980335937,1755753
2023-09-29,3216.299560546875,3252.6224826131343,3195.289567953573,3224.138279675587,2243791
2023-10-03,3202.854736328125,3221.40351413728,3172.091799849083,3221.40351413728,1948148
2023-10-04,3224.639404296875,3233.982222159653,3169.539610773689,3177.7430606044213,1788138
2023-10-05,3271.67236328125,3303.255553776505,3236.898719999821,3239.450948709078,2990768
2023-10-06,3300.88623046875,3313.2370259636054,3258.638592157678,3273.176885530309,2075691
2023-10-09,3316.335693359375,3353.3878511934968,3309.6361205989633,3322.4426612483003,4233074
2023-10-10,3307.72216796875,3325.13180122624,3282.610673537835,3317.885464751515,1848148
2023-10-11,3290.40380859375,3326.954825968897,3285.937574689828,3326.954825968897,2426417
2023-10-12,3229.0146484375,3271.0344082830998,3224.9585427168286,3258.592598284596,4241281
2023-10-13,3254.81005859375,3260.4156604701616,3213.0179488837907,3217.575421151711,2890357
2023-10-16,3212.152099609375,3258.2735858136334,3207.6402465342494,3250.3892477395666,1671104
2023-10-17,3196.656494140625,3221.3578589700005,3193.2840093522973,3217.5752462064243,1672065
2023-10-18,3178.609375,3210.9218123469677,3175.6470177073625,3200.257370600043,1408245
2023-10-19,3157.95556640625,3177.3294256477784,3154.5286181595566,3170.612517840815,1514545
2023-10-20,3193.5048828125,3198.0284103099434,3147.3553086674356,3153.158141056141,1481211
2023-10-23,3116.375732421875,3179.2488637203114,3108.288267201467,3173.81148296811,1106272
2023-10-25,3098.052978515625,3129.9463572629693,3086.2641415822154,3098.418430452583,1518537
2023-10-26,3049.298828125,3083.065649974906,3043.1303207181386,3077.9024700555783,1984471
2023-10-27,3062.27587890625,3072.3739998809515,3049.5276732905218,3061.407763117545,1108851
2023-10-30,3087.49755859375,3091.42717042924,3046.5569067215974,3061.407015378283,910972
2023-10-31,3078.542236328125,3106.1862890625,3061.4532301686027,3106.1862890625,999811
2023-11-01,3043.72412109375,3081.14657643751,3025.767000563393,3065.9765288100825,1563475
2023-11-02,3070.6376953125,3085.122132161333,3055.1934450392946,3055.1934450392946,1245384
2023-11-03,3062.229736328125,3096.0422952066797,3056.1984407717223,3090.6506520884154,1402598
2023-11-06,3089.051025390625,3100.0629966023776,3069.631652773348,3084.253298038121,1099852
2023-11-07,3080.095947265625,3110.8927502240704,3076.0293458419023,3086.995582368968,1191144
2023-11-08,3090.2392578125,3108.8817673622384,3079.273023228274,3081.009254460664,992899
2023-11-09,3059.0771484375,3099.3324172908847,3054.14243153224,3098.0531123476367,2112352
2023-11-10,3046.283203125,3059.0771449775716,3036.139568807074,3050.441278848814,1338557
2023-11-13,3044.546875,3066.8905352612105,3040.388799408238,3066.8905352612105,1030990
2023-11-15,3111.029541015625,3118.9800168000415,3066.936137613749,3091.6559037281313,2059802
2023-11-16,3196.5205078125,3225.3068746335257,3120.0765776114918,3134.5612355569488,3951984
2023-11-17,3200.724365234375,3220.8748683172735,3191.6773098626118,3196.5207753389523,2021292
2023-11-20,3216.39697265625,3229.4648915192706,3190.489151953326,3190.489151953326,1475621
2023-11-21,3207.806640625,3234.171387970376,3199.39923794906,3216.396992381275,1807236
2023-11-22,3226.037841796875,3228.3224741290987,3181.2135339255397,3198.485265113703,1798051
2023-11-23,3206.02490234375,3238.695148266586,3198.4856148230956,3225.9012058072935,2729804
2023-11-24,3159.280517578125,3202.6427871285405,3155.53363195733,3193.2300589246743,1989733
2023-11-28,3171.20703125,3181.3508892174286,3137.2574801245046,3159.2814275884725,1689195
2023-11-29,3211.051025390625,3214.9349006970383,3176.370348158616,3181.12233920591,1441634
2023-11-30,3187.154052734375,3213.7013059022847,3181.1225332354234,3197.9830777369875,3266235
2023-12-01,3209.1318359375,3213.975301516175,3189.3927447706055,3198.4855376057844,1172141
2023-12-04,3209.862548828125,3242.1673378334053,3196.657419148335,3239.288567355795,1625213
2023-12-05,3227.363525390625,3233.212095675802,3201.0445128900183,3233.212095675802,1377656
2023-12-06,3293.6171875,3301.6134000384272,3221.4683255949626,3228.276707900282,1896572
2023-12-07,3303.48681640625,3317.788748405097,3282.2854733793333,3294.4397617823906,1967653
2023-12-08,3314.270751953125,3330.994307087806,3291.744363920943,3320.0280706858707,1641155
2023-12-11,3329.07470703125,3338.304710750083,3303.5782998526,3310.797648664154,1102503
2023-12-12,3355.75927734375,3379.793429797475,3318.199834425044,3325.464920258755,2236866
2023-12-13,3283.976318359375,3335.5632728478577,3256.058066070388,3329.6689659326335,3850968
2023-12-14,3351.327392578125,3361.151312264597,3315.093210605896,3317.286368548256,3290396
2023-12-15,3528.386474609375,3560.3255927142964,3350.824789993706,3350.824789993706,8531230
2023-12-18,3526.740966796875,3590.5279420252045,3500.193496184867,3525.73586250062,2521612
2023-12-19,3487.44580078125,3522.9948166196496,3463.502896618964,3513.764812005255,2004435
2023-12-20,3454.409912109375,3562.929950670811,3442.0728971992326,3497.543727025331,2586083
2023-12-21,3461.21826171875,3478.764194819794,3420.8717407298955,3432.6603552689257,1517562
2023-12-22,3494.57373046875,3514.632758384625,3437.9148467634514,3472.6412593570217,2413058
2023-12-26,3468.57470703125,3503.712309330165,3463.639767096589,3490.7813789656334,1285231
2023-12-27,3482.8759765625,3489.2729465846164,3443.397577619161,3471.7270162885334,1293976
2023-12-28,3472.550048828125,3507.3679386085805,3465.4221736618024,3494.5739961540417,1682889
2023-12-29,3466.609619140625,3493.2943032121766,3441.0217370731516,3465.3303142807017,1574996
2024-01-01,3482.78515625,3501.8845941510544,3447.967268719188,3463.5027692673525,825907
2024-01-02,3457.288330078125,3482.7849604684966,3442.7124205931514,3482.7849604684966,1344068
2024-01-03,3373.716796875,3446.9165110740164,3369.421732416939,3442.4842348014154,1803075
2024-01-04,3350.916015625,3398.6190946223346,3336.477094505551,3382.8551313574153,3598144
2024-01-05,3415.890380859375,3424.8919204172994,3358.2721388053137,3358.409127485445,1963127
2024-01-08,3361.42529296875,3417.5815111616193,3356.0334267910252,3415.890793989658,1067805
2024-01-09,3372.02587890625,3429.09617357813,3365.4919196193155,3390.3486750012953,1370944
2024-01-10,3393.181640625,3407.9860133570014,3370.2895802803837,3372.1172861265227,1292227
2024-01-11,3413.7431640625,3447.966909732182,3387.6526197660214,3403.1881186966993,1777909
2024-01-12,3548.308349609375,3568.824304124089,3492.3805925763054,3516.5062216937445,6813450
2024-01-15,3567.499267578125,3623.4270246995534,3550.318787126801,3618.8577598512566,2801505
2024-01-16,3528.66015625,3563.1123650684103,3523.4055022107223,3563.1123650684103,1432672
2024-01-17,3549.953125,3573.1191625440915,3484.109977812694,3490.0042844962854,3458696
2024-01-18,3566.40283203125,3572.068676049219,3529.3003107278364,3562.1990189583394,2239110
2024-01-19,3628.47119140625,3647.3356893209884,3602.7050479129484,3630.265574324088,2941975
2024-01-23,3550.4365234375,3620.05103164089,3536.1731226435436,3588.855683640575,2618854
2024-01-24,3535.299072265625,3573.8101208438484,3501.98717363284,3570.451409769425,2657709
2024-01-25,3506.3125,3552.9675849710666,3477.233473153438,3533.550863134138,2205154
2024-01-29,3497.754150390625,3515.2383200453005,3479.211818227295,3497.570151432114,1646747
2024-01-30,3497.340087890625,3540.820457055553,3484.871069366822,3503.6895122527035,1411621
2024-01-31,3511.511474609375,3528.12148113154,3493.5671947757637,3507.140432085803,2459358
2024-02-01,3546.66357421875,3593.364709605868,3501.4809356666156,3515.2381710106256,2363107
2024-02-02,3649.866455078125,3666.522292350957,3563.089715877142,3565.896430136547,2826510
2024-02-05,3656.307861328125,3701.1225020871434,3646.001448771063,3665.233944757109,1691523
2024-02-06,3806.02734375,3818.8183032267325,3671.6753146911265,3678.1168503309354,4474396
2024-02-07,3757.6240234375,3823.511826118587,3748.927994541734,3821.671387213115,2124267
2024-02-08,3804.279296875,3826.272451742055,3760.062707616723,3763.697529491343,2345173
2024-02-09,3803.911376953125,3850.888400846203,3772.8998012950433,3806.533642964029,2100596
2024-02-12,3791.948486328125,3827.7449332471438,3778.006802130109,3800.5063475256047,1013716
2024-02-13,3818.45068359375,3837.3151826933213,3755.875759751269,3796.3195851121786,1257415
2024-02-14,3772.991943359375,3786.6110118014235,3726.4287482560744,3779.3413678448446,1391283
2024-02-15,3775.844482421875,3815.505579737829,3757.255870513131,3798.6657441778602,1091582
2024-02-16,3798.942138671875,3817.024812052794,3772.99221729805,3785.0930143565315,1307556
2024-02-19,3776.396484375,3798.941861408623,3731.489953932272,3794.110709187132,772291
2024-02-20,3709.082275390625,3771.0591425249713,3690.0798344375635,3756.4277437698097,1193648
2024-02-21,3673.055908203125,3739.1737650742916,3663.0256061355944,3692.8406262355356,1885939
2024-02-22,3761.029052734375,3768.252640712782,3654.191483338692,3654.191483338692,2982052
2024-02-23,3728.8212890625,3800.5062936958448,3723.5758585151752,3800.5062936958448,2538072
2024-02-26,3681.843994140625,3726.8886902919344,3665.0039336444943,3714.0056182761105,1379284
2024-02-27,3776.948486328125,3794.984876771557,3679.9574496143205,3679.9574496143205,2960475
2024-02-28,3790.338134765625,3823.4197548467,3762.7773821335977,3768.850920451233,1939225
2024-02-29,3768.390869140625,3807.9603066412583,3740.278119193048,3771.979635234801,3772719
2024-03-01,3767.70068359375,3809.708612609149,3760.752981650241,3779.5255936695676,2043265
2024-03-04,3755.1396484375,3789.371768720034,3750.722549928762,3777.5010270993284,1749271
2024-03-05,3692.0126953125,3739.7719968440197,3662.4735599013775,3737.931557869195,2070859
2024-03-06,3740.048095703125,3747.1337408010263,3642.642773405773,3675.4026769184316,1744204
2024-03-07,3780.81396484375,3794.985255418292,3715.5702668526733,3740.6923043829674,2688905
2024-03-11,3793.466796875,3821.6714335783654,3762.7773878887397,3762.7773878887397,2304068
2024-03-12,3857.790283203125,3892.482738841845,3792.270473640545,3793.4670286122573,4039801
2024-03-13,3817.990966796875,3902.6511665908765,3802.2551224047547,3869.5232623236584,2837260
2024-03-14,3871.91552734375,3887.927256237985,3760.016750056428,3822.085732966261,2919608
2024-03-15,3882.63623046875,3900.8105660856863,3843.75695554138,3858.1124699951356,3373143
2024-03-18,3821.21142578125,3915.303868475081,3789.3259103717037,3878.9551986813763,1526904
2024-03-19,3659.98876953125,3734.2504323086932,3650.1424666014186,3728.0389511805306,8931209
2024-03-20,3654.09912109375,3697.441544645537,3644.252818458466,3667.9945238818095,1817913
2024-03-21,3655.986328125,3688.6080672382363,3633.0268945824614,3671.7221727767583,3829582
2024-03-22,3598.88623046875,3623.824267937054,3547.4460520308135,3586.095269718309,5852485
2024-03-26,3568.151123046875,3631.8302677248153,3562.5837501208753,3565.850574289269,3440925
2024-03-27,3534.470947265625,3584.2549115114957,3523.8884231366437,3578.2734848298974,1968575
2024-03-28,3567.04638671875,3602.65883138375,3534.1024883599725,3542.9366841718333,4311783
2024-04-01,3604.26953125,3619.499208082045,3577.8592779642013,3586.73930579266,1569676
2024-04-02,3573.948486328125,3597.9202488822098,3564.0100709420926,3579.653802211397,2142666
2024-04-03,3632.382568359375,3663.393921354347,3543.7653833548334,3543.7653833548334,3973090
2024-04-04,3683.914794921875,3707.2422246114506,3621.293812578453,3658.7006456486115,3394637
2024-04-05,3661.783203125,3682.7181953650183,3644.529088641468,3660.632928826098,1636819
2024-04-08,3655.61767578125,3710.9227277310406,3644.068877210029,3665.2339237190768,2302538
2024-04-09,3631.69189453125,3695.4631434716894,3611.907177559117,3666.1540659059356,1876992
2024-04-10,3666.752197265625,3671.8594599447097,3605.419663202159,3640.7559988262524,2101965
2024-04-12,3682.166259765625,3693.163062647417,3630.7260789894453,3654.1916765092096,4354821
2024-04-15,3626.768798828125,3739.95578953719,3606.386028171306,3682.165963982411,4200329
2024-04-16,3563.825927734375,3615.2661050786087,3554.669789147579,3590.6962907179723,3051420
2024-04-18,3553.8876953125,3621.983938050233,3542.84506135503,3567.5069887926393,3476284
2024-04-19,3520.94384765625,3545.1917216335364,3497.6622490979976,3531.802482817412,2957749
2024-04-22,3556.280517578125,3568.6113695261515,3507.8768799983727,3530.8823684558647,1728883
2024-04-23,3565.57421875,3584.254718312047,3552.599259445536,3567.7368242988855,1807586
2024-04-24,3525.40673828125,3587.015384991863,3519.3332000987416,3579.6536294557072,1317312
2024-04-25,3544.869140625,3564.6078018941175,3506.95614613986,3507.1401450879403,2856271
2024-04-26,3516.480712890625,3567.5068368634634,3499.1805421614235,3547.583950815871,2039178
2024-04-29,3561.43310546875,3568.426862829934,3514.5019156929066,3531.802085484041,1110693
2024-04-30,3515.836669921875,3572.0621732698455,3506.0364217577408,3563.0900328204652,2203078
2024-05-02,3555.083740234375,3562.261496663186,3476.63503445836,3476.63503445836,2491044
2024-05-03,3536.771240234375,3582.966434995953,3494.6253703944135,3579.791498256479,2962234
2024-05-06,3608.226806640625,3625.618865765193,3545.6058231496777,3545.6058231496777,2053831
2024-05-07,3661.50732421875,3669.8353556027478,3601.2790030469796,3617.1988452844685,2062112
2024-05-08,3659.6669921875,3666.43069555621,3624.3767082288086,3644.9895357076884,1247685
2024-05-09,3644.2529296875,3654.1913444311836,3598.104015290975,3645.909369588605,1726486
2024-05-10,3583.24267578125,3656.5843507790987,3575.098867879944,3646.4619361248674,1672489
2024-05-13,3632.8427734375,3639.4683092448704,3561.2496477313903,3574.5928311660427,931326
2024-05-14,3589.96044921875,3631.0023308503582,3582.3225820515972,3621.984134363707,1058317
2024-05-15,3570.81982421875,3613.656088871118,3566.3108383239633,3592.9972050666793,1115021
2024-05-16,3615.820556640625,3623.745662755798,3562.5697543936335,3606.6906515489186,2599399
2024-05-17,3553.857177734375,3633.4784647992665,3550.0567653523444,3632.5515570276343,2765804
2024-05-21,3540.97314453125,3563.728776359017,3531.5651208470945,3550.613121462056,1908117
2024-05-22,3551.910888671875,3560.4847863024115,3538.517115470372,3554.691612227725,1311168
2024-05-23,3608.869384765625,3619.575215874568,3545.886040544983,3560.2067218121256,2095742
2024-05-24,3568.13134765625,3599.9243284199265,3563.311472664004,3594.7799452001173,1309452
2024-05-27,3565.860595703125,3622.6800874842297,3560.5772666527496,3573.2294672441094,1841538
2024-05-28,3559.233154296875,3587.1331694666214,3550.056857637509,3576.0102759178876,1801993
2024-05-29,3525.63330078125,3567.5758851295227,3522.2501773135,3567.5758851295227,1568095
2024-05-30,3463.02001953125,3517.0585585131757,3443.879239356087,3500.930454720642,2919230
2024-05-31,3402.63232421875,3475.7190986563346,3386.6895544695403,3466.635356473782,10956800
2024-06-03,3432.200439453125,3477.340801445973,3425.8510308716222,3459.961281200074,2156773
2024-06-04,3443.462646484375,3471.2698818530243,3328.989527550103,3429.559028800051,3395997
2024-06-05,3472.613525390625,3507.2336206771465,3429.5587052821297,3444.389229413079,2799670
2024-06-06,3550.427490234375,3559.233114194575,3468.0254786409455,3504.6383361596722,4328036
2024-06-07,3609.33251953125,3628.8439736397468,3556.8232840964106,3556.8232840964106,4552445
2024-06-10,3576.6591796875,3620.409183775903,3561.0870829656333,3610.305978999996,1734661
2024-06-11,3570.541748046875,3596.3559953752433,3560.2529805994373,3563.960611925237,1419898
2024-06-12,3551.58642578125,3608.915767675147,3547.6934580124953,3591.211736958369,2177001
2024-06-13,3594.687255859375,3605.6712033854537,3570.448708339529,3574.897910867656,1932323
2024-06-14,3551.956787109375,3604.7441367037127,3548.2027655700213,3604.7441367037127,1860730
2024-06-18,3536.24609375,3561.179823442644,3517.661546809407,3546.395689059985,1774045
2024-06-19,3523.8251953125,3553.6254156533255,3515.7147523909116,3547.8784064893566,1509050
2024-06-20,3510.431396484375,3531.4721572718627,3503.757705904956,3518.5418393437685,2846526
2024-06-21,3532.2138671875,3594.363079879569,3520.4421834921905,3547.2761188024833,4642195
2024-06-24,3537.82177734375,3575.083426076877,3514.185628169532,3530.3601242080126,1702154
2024-06-25,3557.88916015625,3566.41666656242,3515.668465075754,3538.007033326123,1338808
2024-06-26,3574.017578125,3584.3061190627222,3560.2529065957383,3563.4970839383795,1639845
2024-06-27,3646.593994140625,3653.870310416638,3539.0265319698215,3550.983551295317,4526556
2024-06-28,3618.787109375,3670.555002133022,3612.94777109011,3631.4395370159273,2731571
2024-07-01,3687.4248046875,3709.207139405148,3600.1101295040166,3600.1101295040166,2658723
2024-07-02,3723.759521484375,3729.320968607394,3691.456918555691,3701.699295599757,2307449
2024-07-03,3675.42138671875,3731.8238204391223,3665.9205811670527,3726.1695919826934,1821198
2024-07-04,3727.0498046875,3751.5203059355035,3691.039573096493,3707.4921862442698,2518001
2024-07-05,3718.56884765625,3732.4260743437953,3696.508396221036,3716.900368316538,1668616
2024-07-08,3701.328369140625,3736.597257975855,3687.2858057778326,3728.023360391662,1758882
2024-07-09,3694.191162109375,3714.0732898340816,3684.551411180989,3693.727708193667,1305801
2024-07-10,3623.42138671875,3710.68988827446,3616.7940867398565,3692.522405623858,2669716
2024-07-11,3636.907958984375,3689.092911509367,3610.8619865173036,3643.6744309405326,4872189
2024-07-12,3878.13623046875,3892.966755879167,3681.0291429084155,3689.0931958411575,13509164
2024-07-15,3864.46435546875,3930.089249638286,3853.20206311634,3926.103726954822,4848030
2024-07-16,3873.038330078125,3887.961184556231,3841.9402998086507,3867.0595933422346,2029521
2024-07-18,4000.116943359375,4008.8764034741735,3855.936610046835,3855.936610046835,5613364
2024-07-19,3997.190185546875,4049.5428404415234,3981.2568871814256,4011.1260943754664,3903354
2024-07-22,3983.208251953125,4013.495719745839,3962.443655783337,3994.9145068230564,1896386
2024-07-23,3997.143798828125,4052.283633900068,3963.6508933891937,3979.1663862285477,2365208
2024-07-24,4000.767333984375,4031.287066378296,3965.3237617134737,3983.3474471890877,1809793
2024-07-25,4015.8642578125,4034.909999231854,3970.990814364529,3990.315092493855,2810342
2024-07-26,4076.57861328125,4108.724200524135,4029.3820629762513,4041.4135791114427,3552210
2024-07-29,4070.30810546875,4116.668145742772,4060.924501250656,4101.803173878207,1746803
2024-07-30,4055.67529296875,4086.0090346598195,4020.324260489949,4079.5986064390754,1797906
2024-07-31,4074.25634765625,4100.87384543508,4036.7686584538783,4041.4139618583135,2330091
2024-08-01,4085.1728515625,4105.7977266989665,4055.3961842561653,4087.309509692771,2202244
2024-08-02,3979.212890625,4086.0085899107653,3967.0888310411474,4055.3495895771916,2811282
2024-08-05,3860.293212890625,3938.2880347144414,3818.903743027533,3938.2880347144414,2787771
2024-08-06,3875.298095703125,3956.1726465616275,3865.63550170226,3875.065830532775,2203067
2024-08-07,3902.472900390625,3943.8160983795406,3883.7519658026845,3928.06833926144,1237666
2024-08-08,3876.5517578125,3931.7845938309133,3864.8922283404063,3884.402501608471,2441283
2024-08-09,3928.7646484375,3951.8981645067097,3907.2102630563363,3917.8481873983887,1302536
2024-08-12,3898.01318359375,3938.288053067427,3889.3731010986708,3929.926507307199,936912
2024-08-13,3899.22119140625,3933.642706280625,3886.2606141643496,3914.1324330562766,1495593
2024-08-14,3990.5478515625,4000.7212473784566,3891.0453628588666,3910.4163685993976,3226545
2024-08-16,4102.7783203125,4112.951716428554,4018.2805218840263,4041.4140425715414,3457058
2024-08-19,4171.4814453125,4175.429952248486,4078.9006616478773,4107.376273881194,2055210
2024-08-20,4202.41943359375,4241.161440255413,4180.772504085293,4185.417806867609,2212298
2024-08-21,4228.619140625,4236.516155388334,4173.8508391327405,4197.495611851862,1896990
2024-08-22,4182.63134765625,4237.399658376934,4178.172037672117,4236.5168692386715,1829872
2024-08-23,4147.23388671875,4186.347432150737,4138.965337379391,4180.773068059991,1809253
2024-08-26,4183.04931640625,4229.223358650871,4166.837026562577,4170.553269172667,1844164
2024-08-27,4178.125,4190.06352004845,4168.509131570201,4185.4182168111465,930697
2024-08-28,4186.392578125,4238.838220968121,4141.100882065341,4179.610618428567,1848058
2024-08-29,4191.7353515625,4232.8000107357375,4143.61019488178,4143.61019488178,2133641
2024-08-30,4230.708984375,4266.477811363402,4169.43726681697,4180.771985657425,3637222
2024-09-02,4200.32958984375,4262.530383589784,4191.921772178967,4251.381655472286,1216500
2024-09-03,4192.24658203125,4232.706988670382,4176.9633540945715,4200.329136859027,1717263
2024-09-04,4161.4951171875,4168.695337572208,4121.963766080883,4159.358459046624,1265505
2024-09-05,4158.4296875,4179.844356547023,4138.175890759279,4163.121262877798,1688793
2024-09-06,4140.5908203125,4198.378570967705,4125.029055295338,4156.570844055927,1649179
2024-09-09,4133.90087890625,4171.713821913821,4116.202458212613,4138.96443998131,1184938
2024-09-10,4188.06640625,4217.8893457264885,4125.4478052150735,4127.305926632389,1385591
2024-09-11,4161.58837890625,4226.622631682309,4154.062896070717,4200.701927375869,1325919
2024-09-12,4197.216796875,4211.05970757852,4116.945606864631,4190.295114701829,2742216
2024-09-13,4201.77001953125,4224.439009920338,4185.418460455492,4208.644977994091,1458786
2024-09-16,4193.08251953125,4223.555524057743,4175.6163626806965,4205.857102070119,1155120
2024-09-17,4186.02197265625,4214.033060161901,4149.184809090063,4193.0829242332575,1699364
2024-09-18,4037.836669921875,4178.03182491242,4014.47088636393,4178.03182491242,2961779
2024-09-19,3991.383056640625,4108.491401339115,3978.0509481369045,4078.62174424568,2927551
2024-09-20,3980.931640625,4023.4828879317256,3927.6036533634933,4010.661579574174,5447908
2024-09-23,3965.695068359375,4003.693555186361,3951.294629432452,3994.960476501186,1702319
2024-09-24,3968.296630859375,3986.599307388911,3939.2172135467213,3950.040679548759,3012026
2024-09-25,3971.50146484375,3985.2981043185428,3939.2166117170595,3950.6905998877737,2713073
2024-09-26,3987.99267578125,4010.5686671887433,3957.798205900553,3957.798205900553,3964251
2024-09-27,4003.044189453125,4067.4279172386723,3995.0074511426765,4027.478305443043,3012477
2024-09-30,3965.695068359375,3993.799150781273,3957.8443250356186,3982.7896922279247,2503416
2024-10-01,3983.71875,3991.011966244493,3941.9577493270317,3953.66354966123,1823365
2024-10-03,3932.481201171875,3975.4502533375357,3911.345072809307,3960.2137504333123,3350119
2024-10-04,3950.597900390625,3993.1024224537377,3924.398210251953,3925.280999271066,2965463
2024-10-07,3969.736328125,3992.405314053108,3929.368467129649,3970.7116602125193,1472619
2024-10-08,3951.52685546875,3975.821698560318,3905.7243509858204,3969.5042681636573,1541867
2024-10-09,3951.2490234375,3990.3158457789295,3945.442393859824,3957.798720143944,1082504
2024-10-10,3927.510498046875,3989.246753361262,3900.7537355297673,3951.526804113441,2378875
2024-10-11,3854.858642578125,3941.0290181370206,3820.7156635830906,3849.098285072824,5759183
2024-10-14,3843.19873046875,3869.909224735711,3829.7740759707513,3846.311174442351,2137590
2024-10-15,3824.7568359375,3874.1367741225554,3804.503494517866,3837.9959506620125,2759474
2024-10-16,3804.456787109375,3823.0844981328532,3778.675354588552,3795.212679191423,2359151
2024-10-17,3817.51025390625,3836.9742562004353,3802.5987849412795,3821.0405029589083,2522659
2024-10-18,3839.907958984375,3861.4217056150137,3799.81450984284,3809.127780700298,2361000
2024-10-21,3799.67529296875,3855.6481475353057,3790.501629279664,3848.802801800323,1595450
2024-10-22,3739.744384765625,3808.942041444194,3731.2228318055472,3786.7764085311996,1928049
2024-10-23,3787.009033203125,3831.0606256089795,3720.791581721823,3724.936169449571,1966476
2024-10-24,3769.9189453125,3798.8833095961822,3729.033775833075,3729.033775833075,2676744
2024-10-25,3778.906494140625,3810.990668738502,3755.762923689694,3778.440830569176,1759676
2024-10-28,3809.91943359375,3850.1061056967715,3772.8059589205664,3789.5232343448033,1532534
2024-10-29,3795.39111328125,3821.701106275593,3781.2815973687175,3814.576544255364,1445885
2024-10-30,3804.145263671875,3824.960515939356,3781.2347527404995,3795.158047833668,1935002
2024-10-31,3695.92529296875,3798.231674391787,3688.0556237919313,3790.5016133417075,3740372
2024-11-01,3710.59375,3724.3308260712956,3703.0035243410357,3715.8558850555814,154895
2024-11-04,3691.920654296875,3717.7649842744486,3644.5161904410857,3693.923144215517,2269192
2024-11-05,3698.6259765625,3712.2698276535116,3670.45333173397,3670.45333173397,967590
2024-11-06,3855.368408203125,3864.8212879793314,3702.258313204772,3728.661529286281,3792017
2024-11-07,3865.845703125,3916.975471746434,3804.5179478782275,3883.3549260647524,3724349
2024-11-08,3862.213623046875,3883.401315336317,3834.879080725745,3869.6642401156896,1648039
2024-11-11,3910.363525390625,3943.518408459811,3834.879186284666,3844.704960664376,1406487
2024-11-12,3909.152587890625,3928.3380186185295,3878.3724067000553,3926.4753642711526,1587640
2024-11-13,3865.333740234375,3908.5472291817673,3847.358853332509,3891.1780687289943,1098813
2024-11-14,3861.188720703125,3874.3205230412245,3833.761411965451,3851.037346821025,1825432
2024-11-18,3743.469482421875,3923.6812860911455,3716.181551430071,3923.6812860911455,3313944
2024-11-19,3762.142578125,3848.383334503383,3738.440347986104,3743.8418634756777,1776233
2024-11-21,3793.156005859375,3811.4098822098795,3747.660582048356,3767.1252292109634,2384347
2024-11-22,3953.11181640625,3962.751144589009,3775.600748009218,3791.433311580051,3096553
2024-11-25,4018.770263671875,4030.877517790061,3960.189871234577,3986.0805866028463,4052167
2024-11-26,4053.787841796875,4066.733198149224,4014.0199908461996,4024.3109738880953,2060669
2024-11-27,4035.02099609375,4076.7911069702654,4027.104715840101,4059.6083950341376,1558993
2024-11-28,3953.390380859375,4041.9132960200004,3942.307679137016,4022.401811054281,2558544
2024-11-29,3977.558349609375,4003.4958997310346,3907.5223713104324,3930.2002766528776,2017425
2024-12-02,3982.960205078125,3993.7173066183545,3939.560268502564,3976.766970418375,1670944
2024-12-03,4007.267578125,4027.9896055756494,3972.5292600738435,4018.0710631615407,2010905
2024-12-04,4055.370361328125,4085.6853292498736,3994.508048474772,4017.3255608945797,3302642
2024-12-05,4157.49072265625,4180.727516616581,4060.586315983135,4098.584281260393,3746747
2024-12-06,4140.21435546875,4158.375232745017,4109.713394915021,4147.199308267314,1842087
2024-12-09,4146.408203125,4162.473596939852,4112.321537472264,4126.198676219265,2066639
2024-12-10,4128.154296875,4185.198089234919,4109.108928030726,4122.193893602826,2087828
2024-12-11,4123.404296875,4143.148158287083,4104.358476029229,4127.502045111503,1635256
2024-12-12,4149.01611328125,4177.002312539005,4122.054010099808,4125.825703197917,1914642
2024-12-13,4166.66455078125,4186.222421425734,4092.624040484277,4130.389630221359,1967048
2024-12-16,4111.99560546875,4167.6887843067,4095.045270300907,4152.787550664486,1646224
2024-12-17,4031.24951171875,4128.52681305927,4021.470576782156,4107.152673369455,3225027
2024-12-18,4049.2705078125,4062.44869495374,3995.0207057764947,4015.6031250525107,1575404
2024-12-19,3978.53662109375,4064.3119481632502,3969.3165726562265,3987.94311687329,3015763
2024-12-20,3883.913330078125,4081.0754644719555,3867.3358891418975,4031.7151268140337,4116989
2024-12-23,3872.7373046875,3927.4063874513017,3832.31779942793,3911.6202111793405,2195338
2024-12-24,3892.481689453125,3928.337783494026,3872.737372652853,3872.737372652853,1181886
2024-12-26,3882.7958984375,3911.527430384508,3858.62777832456,3892.48160931481,1208464
2024-12-27,3878.837890625,3893.8323483767854,3862.4464421773887,3877.114844483566,858100
2024-12-30,3873.20263671875,3910.921381105124,3829.616713994305,3865.93846784785,1527169
2024-12-31,3813.5986328125,3855.6481919731173,3755.157851490963,3851.0379404710184,1555429
2025-01-01,3830.03662109375,3850.1065398065944,3804.8905600046846,3813.2258927424173,763161
2025-01-02,3888.9892578125,3895.741379495824,3815.6008619680624,3837.0677703855595,1720835
2025-01-03,3818.347900390625,3892.900907869697,3811.269950829448,3892.900907869697,1791953
2025-01-06,3813.784423828125,3864.6813582169702,3787.148378172113,3823.5633582481973,2085593
2025-01-07,3751.6650390625,3856.020287112112,3736.065309985075,3832.364669490885,2669054
2025-01-08,3826.26416015625,3842.6556080381715,3741.839449635328,3757.811618423141,2181277
2025-01-09,3761.49072265625,3853.5988861539504,3748.8711943929684,3819.3726136468736,2392472
2025-01-10,3972.7158203125,4001.9130192806797,3883.6344636724307,3911.574279957844,7894300
2025-01-13,3996.41845703125,4026.081320920444,3937.0927292528613,3953.48417981758,4003771
2025-01-14,3942.353759765625,4017.651642185902,3929.3151811560374,4006.5689413176588,3441709
2025-01-15,3957.767822265625,3964.1475039910265,3918.512475086078,3928.3377943076216,1653474
2025-01-16,3917.441162109375,3999.118734083526,3903.9837578032057,3967.4536113637214,2637705
2025-01-17,3911.75048828125,3946.1800146177866,3888.7502327632087,3945.5159044693314,1761466
2025-01-20,3867.647216796875,3932.1425484323627,3858.447160711793,3932.1425484323627,1287799
2025-01-21,3827.859375,3899.136367766385,3822.310766747393,3884.245525979371,1971591
2025-01-22,3942.386474609375,3948.5987300115466,3835.7789572073584,3841.2800960022514,2409223
2025-01-23,3931.810791015625,3975.3452017162494,3926.6887142484056,3953.1984717808796,1822998
2025-01-24,3938.35498046875,3962.682991900412,3892.4966488174464,3892.4966488174464,1910099
2025-01-27,3855.648681640625,3942.148791419916,3832.7908361324735,3890.599675788401,1551782
2025-01-28,3832.07958984375,3890.599779117484,3820.69802052405,3861.007745197988,2468272
2025-01-29,3888.51318359375,3896.148597963248,3845.0737102492853,3845.0737102492853,1217089
2025-01-30,3888.75,3917.061745659292,3849.3415023779007,3888.6078230102007,1531251
2025-01-31,3900.463623046875,3915.686749530312,3874.7129156799383,3898.1874018590165,1492943
2025-02-01,3863.236572265625,3922.7526963272944,3846.970505085766,3901.032960408717,437172
2025-02-03,3858.968505859375,3866.8882740010763,3792.6234860032378,3823.1639848038094,1265713
2025-02-04,3895.38916015625,3906.5813140143973,3856.5023649775358,3873.2426631324765,2547132
2025-02-05,3880.261474609375,3936.1259160718655,3865.9395744358853,3936.1259160718655,1693912
2025-02-06,3872.341796875,3926.1671344471406,3842.749763323274,3893.8244160755,2284536
2025-02-07,3821.740966796875,3879.2179810962175,3801.4439286634815,3879.2179810962175,1548940
2025-02-10,3828.90185546875,3843.1762855657034,3807.46670712509,3831.7947170990724,1339511
2025-02-11,3759.284912109375,3831.7949459001434,3751.1754977809574,3811.308028813468,1810908
2025-02-12,3746.575439453125,3814.4855628593755,3737.090798282343,3766.445947952812,1678002
2025-02-13,3708.63720703125,3779.108143555463,3701.1444324584945,3763.5059537434317,2277310
2025-02-14,3732.06396484375,3744.536174828968,3699.009899147157,3722.7215010647665,1681975
2025-02-17,3703.27783203125,3731.2575211194617,3657.4669727378136,3657.751558260601,1799806
2025-02-18,3673.59130859375,3722.152626882654,3665.3397167799785,3697.4925589213967,2149879
2025-02-19,3589.083251953125,3675.251080308744,3573.955063643061,3672.6428039185434,4366672
2025-02-20,3584.625,3592.781883594646,3557.973298668796,3567.647585834546,2888572
2025-02-21,3590.885009765625,3620.2873962692524,3580.451904877241,3581.495307989525,1833931
2025-02-24,3486.1748046875,3569.260122487774,3480.8633130033377,3550.2433706104594,2508516
2025-02-25,3442.498046875,3469.4818051991183,3434.625748244206,3438.1824887498096,4101954
2025-02-27,3426.37451171875,3450.5128801402716,3415.1351179326557,3425.5682244971263,3823856
2025-02-28,3303.73779296875,3414.4709839051175,3278.8406087111084,3400.196551952343,7085018
2025-03-03,3313.03271484375,3341.6762855972443,3297.0035319217445,3305.397532195103,4990439
2025-03-04,3350.022705078125,3367.996053645755,3285.7642616440216,3294.9643171966636,2797737
2025-03-05,3364.249267578125,3414.8024449405757,3339.399557163217,3339.399557163217,2501894
2025-03-06,3415.988525390625,3423.4338299242468,3353.8641244726305,3373.6869322947687,2786513
2025-03-07,3425.09326171875,3438.182111655531,3390.1897390735335,3414.4705108854932,2051315
2025-03-10,3404.654052734375,3435.4318979249574,3397.9675660982793,3420.635765390215,1004626
2025-03-11,3391.0439453125,3403.8007419067008,3355.3341308822914,3374.6354690920352,1995450
2025-03-12,3325.5048828125,3385.305592458114,3307.15224085139,3381.2746199098347,3174167
2025-03-13,3330.10498046875,3342.672130004524,3304.5439188567675,3321.8059194545594,1693004
2025-03-17,3317.44287109375,3348.505070694925,3298.141765391246,3309.1912796488264,2690906
2025-03-18,3317.44287109375,3317.44287109375,3317.44287109375,3317.44287109375,0
2025-03-19,3316.874267578125,3364.202538836237,3284.2944294770737,3364.202538836237,3051244
2025-03-20,3379.519775390625,3394.505554527131,3331.0059291540974,3331.0059291540974,2845192
2025-03-21,3393.69970703125,3429.8835221492395,3286.4283178007922,3295.912959410607,4161925
2025-03-24,3441.9287109375,3461.6568103088644,3382.792113898217,3414.470721860925,1834751
2025-03-25,3469.244873046875,3518.802126718312,3450.512705391164,3457.1519546868594,3135390
2025-03-26,3448.42578125,3490.8220797184467,3438.988609875757,3459.7598808023267,1734499
2025-03-27,3463.0322265625,3474.2241497420814,3424.4297823215356,3428.5556939598323,2528474
2025-03-28,3420.303955078125,3472.279837617975,3406.7883407304835,3462.8426654904715,2051919
2025-04-01,3367.806396484375,3399.2953585160476,3343.3359762190476,3388.577667798288,2618493
2025-04-02,3361.309326171875,3380.4210168658315,3348.1257677061367,3361.3567956889556,1764313
2025-04-03,3227.76513671875,3321.5208948052064,3221.125888785102,3311.0877909094734,4537821
2025-04-04,3129.3623046875,3224.445829064787,3125.663387385046,3189.305420015634,5317367
2025-04-07,3105.31884765625,3121.7745604042666,2898.5536795332505,2940.2386292720134,6623955
2025-04-08,3123.244873046875,3176.4063332063806,3087.535291604866,3131.875989149625,5557558
2025-04-09,3079.283447265625,3101.4774131953245,3046.513968346596,3092.514474322123,2990265
2025-04-11,3064.961669921875,3128.9355257101774,3040.7758359181594,3120.020055994998,7108961
2025-04-15,3080.801025390625,3143.5893021337306,3071.69590901875,3143.5893021337306,3512160
2025-04-16,3105.081787109375,3109.1602290119804,3062.5905495252055,3080.801013758816,2384391
2025-04-17,3128.888427734375,3133.346394679939,3052.157767289551,3078.2405325476193,2932346
2025-04-21,3150.41845703125,3181.148601343861,3114.851053170071,3120.5418377878595,2432946
2025-04-22,3143.58935546875,3162.0844056249766,3125.189244347029,3151.3669464223676,2710498
2025-04-23,3237.10791015625,3244.6006837766467,3165.3092254984945,3191.5816342442954,3543923
2025-04-24,3226.295654296875,3236.633820616935,3213.1118640484187,3225.8214222352462,2252175
2025-04-25,3270.304443359375,3298.568721809185,3229.5204842339535,3243.7474467195657,2742991
2025-04-28,3266.0361328125,3279.5992157727555,3229.520264912607,3257.9741879514845,1593296
2025-04-29,3293.541748046875,3314.8821913387555,3253.6113148639492,3276.9436254865236,1578332
2025-04-30,3275.71044921875,3329.014085869881,3192.53019311335,3293.06738873724,2809332
2025-05-02,3254.180419921875,3311.562499608635,3243.7473145242825,3293.0674491310842,1721761
2025-05-05,3276.27978515625,3323.892639545098,3268.786779377753,3272.2013429677813,1284443
2025-05-06,3281.685791015625,3294.01582433447,3259.871116682284,3281.685791015625,1324763
2025-05-07,3267.5537109375,3281.211501134211,3244.3163408615387,3244.3163408615387,1477128
2025-05-08,3271.157470703125,3297.8094023272533,3251.998543783033,3270.3039457073255,2543591
2025-05-09,3263.001220703125,3268.5970664946117,3222.976080385976,3223.8296054868374,2531757
2025-05-12,3433.819091796875,3443.3986711517946,3321.710689429311,3324.3664350329263,2228678
2025-05-13,3333.851318359375,3436.2854413701325,3329.5832299005933,3433.819342081611,3062887
2025-05-14,3365.814697265625,3377.4808526725133,3327.7814236222675,3339.5422865093847,2119499
2025-05-15,3395.40673828125,3414.4709604337913,3332.997982084671,3380.3262508294533,3548330
2025-05-16,3377.765380859375,3408.6851728219754,3363.3487722739774,3408.6851728219754,1666727
2025-05-19,3337.455810546875,3367.0478467189873,3323.133908772587,3367.0478467189873,2537377
2025-05-20,3318.01220703125,3374.6354708973113,3313.9337648440714,3349.785756293493,2038374
2025-05-21,3344.0947265625,3354.7174780325026,3318.0119641520128,3327.212019490534,1440153
2025-05-22,3297.8095703125,3317.5376692737764,3273.4340900331863,3314.881923566922,2034383
2025-05-23,3333.47216796875,3352.820743852965,3286.9974249846496,3297.8098235860703,1274331
2025-05-26,3355.002197265625,3362.3053247198645,3329.204019365113,3339.542185709067,967470
2025-05-27,3318.391357421875,3357.5629717372003,3303.5954561426133,3349.9752588067204,2467680
2025-05-28,3317.44287109375,3347.129844047208,3312.985136088664,3338.593667057572,1222933
2025-05-29,3317.82275390625,3350.449830188234,3306.8204764193288,3324.0824787726883,3188072
2025-05-30,3284.910400390625,3325.97894134562,3275.1414056184462,3310.139637529337,3404365
2025-06-02,3272.01171875,3281.686006909509,3242.41968314971,3272.2013652710425,1877585
2025-06-03,3229.7099609375,3294.490106360913,3225.252225904789,3268.407343175387,2848125
2025-06-04,3235.164306640625,3248.465279476926,3224.7342507303856,3242.9152450223373,2544807
2025-06-05,3225.786865234375,3262.0530702216233,3218.7057063727016,3262.0530702216233,3584683
2025-06-06,3238.322265625,3244.733411943636,3213.9214562860475,3225.787088056256,2070390
2025-06-09,3274.396728515625,3285.975243758928,3244.7330032516393,3253.440835404879,1718678
2025-06-10,3313.629638671875,3335.5426613582063,3275.6409764041855,3291.7168496023487,2419874
2025-06-11,3322.24169921875,3338.604687522634,3300.424692969312,3320.423693236899,2847013
2025-06-12,3286.1669921875,3324.9212188125916,3275.641152857228,3322.2418675324316,4060134
2025-06-13,3297.171142578125,3301.7642826377164,3246.934184213111,3246.934184213111,2178493
2025-06-16,3345.590087890625,3357.7426005937496,3278.5116939874692,3291.716884024651,1934088
2025-06-17,3363.77099609375,3368.2683531373627,3337.743514633776,3358.6994089523137,2111940
2025-06-18,3302.625244140625,3385.4923927635227,3294.683207501011,3367.4071820205213,2696327
2025-06-19,3276.406494140625,3302.2426434811027,3265.88065552043,3301.2857490610854,2672768
2025-06-20,3287.60205078125,3297.7452248908758,3263.871022884297,3277.3633274014865,2351248
2025-06-23,3247.317138671875,3277.3635313225304,3224.73433592903,3267.7945867055305,3123421
2025-06-24,3244.254638671875,3293.726265410323,3236.2168192617623,3286.549557502439,3403048
2025-06-25,3296.309814453125,3301.2856185170967,3253.440899408153,3260.4262751214173,1757699
2025-06-26,3293.439208984375,3302.625255099875,3268.081507258558,3296.3098921986184,2879106
2025-06-27,3292.76953125,3316.978773543857,3283.1048040170426,3306.0702704397795,1778433
2025-06-30,3312.7685546875,3315.5434551196317,3282.1479325760038,3291.6210940950255,1468351
2025-07-01,3281.860595703125,3334.776901436363,3266.35895353028,3306.0700701470973,2375183
2025-07-02,3275.73681640625,3339.4658465866687,3272.5790179988544,3336.882278295821,3090585
2025-07-03,3254.20654296875,3287.2193999790024,3251.144527592608,3282.147812903343,2531870
2025-07-04,3272.387451171875,3279.2770439923584,3243.967734776887,3261.096050751665,1109320
2025-07-07,3264.636474609375,3278.415893704088,3261.478676465787,3270.95207089655,1639174
2025-07-08,3259.37353515625,3277.363195918518,3247.125240576613,3258.2253086430815,2325242
2025-07-09,3237.939208984375,3266.837372173034,3221.8633368794976,3263.0097947012437,2034938
2025-07-10,3236.217041015625,3252.484246721499,3211.3377852301705,3234.3032521090518,3035012
2025-07-11,3125.21728515625,3191.2430024482833,3120.528595780786,3157.655913683438,7635550
2025-07-14,3083.78369140625,3130.9586344245786,3062.062234156067,3125.217267735536,3924009
2025-07-15,3112.10791015625,3118.901720676558,3067.8036497758007,3067.8036497758007,2590889
2025-07-16,3104.234375,3115.5638600833036,3092.2326031663256,3098.3774165813243,2540733
2025-07-17,3081.286865234375,3112.7795615982277,3076.3902829424,3095.593117992358,2947640
2025-07-18,3062.75634765625,3100.1060057073505,3059.972030096825,3096.4574198500977,3432645
2025-07-21,3032.319580078125,3070.1493050764375,3026.3667482040605,3062.8521341278406,3844346
2025-07-22,3033.6640625,3053.3469689942053,3028.8633535989743,3033.6640625,3198036
2025-07-23,3052.386962890625,3055.1712804131353,3031.7439136986445,3033.6641973444102,1922875
2025-07-24,3022.5263671875,3047.2019644087272,3014.8452328363246,3038.944885626984,2934778
2025-07-25,3010.8125,3031.0713499661365,3001.0191011832776,3014.8450484057557,2568917
2025-07-28,2956.56494140625,2993.7223853235596,2947.5394670779647,2986.0412502746217,3374473
2025-07-29,2934.193359375,2951.4759118844077,2919.9832137631183,2938.0339265993125,4785312
2025-07-30,2931.88916015625,2946.6752504448114,2925.7441118523307,2938.033974050545,2880121
2025-07-31,2915.758544921875,2937.841805411508,2894.827407662822,2920.4631457840833,2968371
2025-08-01,2883.305908203125,2915.7587488570334,2880.4254827204045,2909.133629601001,2053847
2025-08-04,2951.85986328125,2956.6605722928375,2872.360309577052,2889.1627911176092,2519252
2025-08-05,2941.778564453125,2954.8365875722943,2920.7515513874637,2951.86005402892,1927996
2025-08-06,2911.437744140625,2944.5626330221426,2905.3888045064286,2940.9140476547227,1487081
2025-08-07,2925.552001953125,2929.9687479023937,2890.890789951502,2895.7876067904904,2543076
2025-08-08,2915.37451171875,2937.841970823321,2904.4289887975438,2926.6083584758467,2762140
2025-08-11,2919.59912109375,2928.3362704951187,2900.8763567070323,2915.3743566889298,1884215
2025-08-12,2914.4140625,2972.982707005533,2906.2528579377536,2919.7909498577897,3358232
2025-08-13,2915.182373046875,2923.0554886191444,2907.8854362960733,2915.0864995163706,2148166
2025-08-14,2901.836669921875,2934.0972944331475,2898.764262979319,2913.0702823357074,3342174
2025-08-18,2891.17919921875,2927.472609378642,2883.6900456286708,2925.072254664491,2945609
2025-08-19,2895.979736328125,2904.429031301108,2891.083153648401,2891.1790271854784,2650784
2025-08-20,2975.095703125,2979.7041965902977,2890.891073287546,2890.891073287546,4952358
2025-08-21,2978.93603515625,3005.2438266480435,2960.2132701020532,3005.2438266480435,3230726
2025-08-22,2932.273193359375,2972.3110613965996,2928.432625981039,2962.997732386061,1593791
2025-08-25,3015.42138671875,3026.366909314735,2954.4523833109183,2964.245782645686,3448370
2025-08-26,3031.35986328125,3035.9685911364395,2995.6426326203955,3004.283909445262,5522097
2025-08-28,2970.390625,3021.086158669707,2963.4776509563167,3019.645945976872,3116051
2025-08-29,2961.749267578125,2990.841610057071,2954.548204311535,2969.7184911417403,2271789
2025-09-01,2988.53759765625,3006.3002217717835,2966.8382982161247,2966.8382982161247,1246862
2025-09-02,2987.48095703125,3029.2471217848606,2979.4158603599094,2996.6984112924383,2185229
2025-09-03,2974.039306640625,3016.669509959856,2964.9179592917676,3005.1478080455095,1799774
2025-09-04,2972.310546875,2993.7217531847627,2967.60594641478,2991.8014698280053,1481391
2025-09-05,2926.80029296875,2979.703965451406,2907.885546409113,2973.655259644998,2802055
2025-09-08,2898.668212890625,2942.7386295513115,2895.7877873726816,2928.432609909376,2626187
2025-09-09,2927.856201171875,2938.0337976334035,2909.997705008497,2911.2459361835313,2489301
2025-09-10,2986.041015625,2998.2347696750494,2931.696895660388,2934.5773210773896,2079428
2025-09-11,2999.675048828125,3013.885194748687,2986.137189714118,3013.885194748687,2263446
2025-09-12,3008.508056640625,3023.198272253378,2996.602392740264,3018.685652923867,1447167
2025-09-15,2987.865234375,3009.0844623500607,2972.5990732086116,3009.0844623500607,1732539
2025-09-16,3020.318359375,3024.4470164698882,2985.1773061151375,3003.3238944500986,2573429
2025-09-17,3046.337646484375,3055.5548662005012,3017.149198025987,3026.366652151709,2418271
2025-09-18,3050.08203125,3075.3338043430394,3035.3918166483045,3058.0512540844775,2633138
2025-09-19,3042.881591796875,3053.731241896356,3018.6860633617807,3043.64975218093,4901694
2025-09-22,2951.283935546875,2983.0644887376598,2942.8346407567424,2971.6388949892716,3634901
2025-09-23,2940.338134765625,2957.9087764692863,2930.352753876681,2947.6353061603577,3177741
2025-09-24,2914.4140625,2935.1532172690772,2912.1098161521463,2928.4322252766387,1625714
2025-09-25,2839.523193359375,2908.845617084501,2833.3783797594588,2901.548445826189,4974361
2025-09-26,2783.547119140625,2837.0269692313786,2776.057966398974,2823.7769658283983,3934636
2025-09-29,2780.666748046875,2812.5434087793974,2778.6503565122343,2799.773476015783,3110035
2025-09-30,2773.2734375,2799.101392157332,2770.105157137798,2794.9727356006983,2253458
2025-10-01,2798.045166015625,2808.222762784315,2752.342557318892,2775.7699233020426,1952902
2025-10-03,2786.2353515625,2807.454578770542,2775.8660078142957,2807.454578770542,2899519
2025-10-06,2869.287841796875,2874.28076699856,2780.1868646812827,2786.3316788238635,2112774
2025-10-07,2855.173583984375,2884.745997894136,2837.699050349848,2875.624650921264,3062943
2025-10-08,2906.541015625,2921.711301932003,2849.70067174965,2856.421663900003,4121889
2025-10-09,2939.666015625,2943.794672125363,2899.628150625765,2913.070135429991,3211304
2025-10-10,2907.59765625,2947.635525132908,2887.0504796961263,2928.432687835625,8817365
2025-10-13,2887.338134765625,2914.510192335436,2878.6968592818434,2906.348987711864,2866865
2025-10-14,2842.307861328125,2906.5412549765147,2837.699133735008,2900.5884226064827,3611416
2025-10-15,2862.063720703125,2871.604481316868,2843.945686891503,2863.2201408860237,4282226
2025-10-16,2862.93115234375,2867.075207263124,2836.332545372744,2862.1601270799792,3251495
2025-10-17,2854.73974609375,2880.374867719902,2848.1863837329993,2862.2568312933195,4374683
2025-10-20,2905.81689453125,2913.333979311689,2870.4483153754104,2877.1943748710046,3133039
2025-10-21,2897.62548828125,2921.815026282457,2887.3137006926995,2921.1404673344027,310644
2025-10-23,2961.712890625,2985.613263353556,2925.958915568601,2944.1731825516827,5564758
2025-10-24,2952.075439453125,2977.9032558486515,2947.3532921577225,2968.2660284834456,2684318
2025-10-27,2972.988525390625,2981.9511949510156,2949.1846180560947,2955.256119066933,1946312
2025-10-28,2946.9677734375,2978.0960660621163,2929.9099274122086,2964.4112497423184,3470737
2025-10-29,2946.678955078125,2964.4113606511696,2935.596142774,2946.96788369373,2895420
2025-10-30,2925.187744140625,2952.653842834952,2922.778437237614,2938.487165302022,2241536
2025-10-31,2947.064208984375,2956.1231088421955,2915.357824198127,2924.898585437403,1868085
2025-11-03,2907.359130859375,2947.06446508497,2900.80576844531,2936.367047373489,2194877
2025-11-04,2881.72412109375,2919.405779977123,2868.039303195767,2910.0577150577624,2670720
2025-11-06,2901.6728515625,2914.2977142131544,2881.531139384038,2881.627605776501,2542721
2025-11-07,2883.265869140625,2895.023240036059,2853.1012989769483,2892.1320716871546,1830520
2025-11-10,2915.4541015625,2937.3305615709287,2883.4585523829414,2884.422275161144,1556656
2025-11-11,2936.46337890625,2944.847720230334,2908.5154176367123,2934.5359333014544,2806868
2025-11-12,3018.18701171875,3022.619995280987,2946.1969680097523,2948.991669923252,4460315
2025-11-13,2993.03369140625,3018.2831803470704,2989.4679642954256,3018.186949242595,1740435
2025-11-14,2993.322998046875,3000.1655239975616,2965.6642009169345,2977.9034333434784,2210794
2025-11-17,2989.66064453125,3010.187986001932,2974.6267109195564,2993.322838009285,2232853
2025-11-18,2975.108642578125,2992.3591859617445,2966.338671301208,2989.4680176661295,2548350
2025-11-19,3033.51025390625,3040.5454775036865,2971.639296317787,2984.6495543039355,3151053
2025-11-20,3030.715576171875,3049.7008686990343,3024.2586803244717,3033.79944214396,2700767
2025-11-21,3036.30517578125,3055.0013041600305,3021.463703354114,3030.715536432949,4177037
2025-11-24,3027.24609375,3063.578397230728,3017.4161679823073,3043.4366842823783,6703764
2025-11-25,3006.04443359375,3035.534448554938,3001.9968444557608,3031.197695489111,2737920
2025-11-26,3048.15869140625,3062.71099952004,3003.923909850209,3005.658657913636,2508527
2025-11-27,3022.81298828125,3064.6384631299097,3011.6337098367826,3064.6384631299097,2836233
2025-11-28,3023.68017578125,3033.12470593688,3011.6336412163846,3026.089482694223,1616690
2025-12-01,3019.72900390625,3039.581788202742,3008.935355329588,3024.0657566161144,1747647
2025-12-02,3021.94580078125,3029.9447477765,3007.2007935969305,3017.416350282513,2512003
2025-12-03,3064.638427734375,3095.3810901757683,3025.125793917674,3026.089516693691,3952112
2025-12-04,3112.0537109375,3132.0991928283806,3071.7700496468055,3078.130714428876,5025905
2025-12-05,3120.727294921875,3152.9157793761647,3105.5004267906515,3112.824814585589,5244013
2025-12-08,3119.0888671875,3141.6398867746047,3092.2010949656524,3125.353065437683,2544725
2025-12-09,3091.911865234375,3116.390329915732,3065.794883587669,3112.824602659864,2734893
2025-12-10,3073.504638671875,3108.005961204973,3062.8074569989867,3108.005961204973,1386849
2025-12-11,3076.10693359375,3092.0083609433445,3038.714674477584,3088.73179730002,1914362
2025-12-12,3103.669189453125,3106.078496384854,3070.131589906683,3081.696263178982,1146554
2025-12-15,3113.017333984375,3120.727116365754,3081.31094805451,3094.610369719165,1562190
2025-12-16,3088.827880859375,3103.187255724176,3075.3357623562265,3103.187255724176,1734623
2025-12-17,3101.067138671875,3119.474102184826,3084.394687896739,3084.394687896739,1376350
2025-12-18,3161.78173828125,3168.5277977297296,3104.1510690788923,3110.897128527372,2307422
2025-12-19,3162.938232421875,3197.5357868591873,3159.854366515901,3179.3215200364916,3902511
2025-12-22,3204.281982421875,3207.8479451634685,3171.6118722000997,3189.9226061933546,2632816
2025-12-23,3189.922607421875,3199.463369445318,3174.0211805268714,3199.463369445318,2365420
2025-12-24,3198.595947265625,3206.4021959958864,3176.5267894381177,3184.236571775606,1367708
2025-12-26,3161.010986328125,3199.559900795541,3153.108505919085,3192.9103071634727,1176664
2025-12-29,3133.544677734375,3168.7205598617948,3125.2565675579217,3161.010777477703,2079473
2025-12-30,3129.01513671875,3148.9641510011397,3121.9799134409154,3132.099002526,2807593
2025-12-31,3089.887939453125,3128.2441532690227,3082.4673210816295,3122.461816571668,3362634
2026-01-01,3110.31884765625,3116.775978595714,3082.1781891606697,3098.368779137981,1255735
2026-01-02,3132.7734375,3136.242933448354,3102.7053353217875,3116.679314934201,1184324
2026-01-05,3099.428955078125,3129.207895137578,3075.2394189664337,3122.94369701057,2341703
2026-01-06,3137.688720703125,3144.8201752673103,3088.7315556964636,3093.550169667909,2912325
2026-01-07,3176.044921875,3180.8635358265738,3106.271250685878,3125.2565425983025,1989442
2026-01-08,3087.671630859375,3167.6606296336045,3066.566193971062,3167.6606296336045,4159336
2026-01-09,3091.43017578125,3112.5356118812538,3075.239584998998,3075.239584998998,1938673
2026-01-12,3122.076416015625,3134.026484388671,3059.145271347969,3086.804068110982,2228342
2026-01-13,3149.4462890625,3161.0109633185434,3094.0322249189585,3127.2806634050835,5645341
2026-01-14,3076.68505859375,3141.7363480080267,3067.529691935444,3141.7363480080267,3539511
2026-01-15,3076.68505859375,3076.68505859375,3076.68505859375,3076.68505859375,0
2026-01-16,3146.54931640625,3161.464149941515,3111.519017760894,3159.0110444402844,4293470
2026-01-19,3104.258056640625,3159.600023336744,3092.973770842994,3128.2002715520307,3387562
2026-01-20,3044.10791015625,3100.7255406282875,3033.118044759914,3092.4832014713097,4499273
2026-01-21,3064.027099609375,3079.6287553253787,3024.188569033875,3041.8509292683366,2015150
2026-01-22,3091.305419921875,3100.7254411371077,3063.7326570458863,3090.9130188550284,2269827
2026-01-23,3103.178466796875,3134.578217290946,3092.875423666008,3130.457047950816,2068857
2026-01-27,3098.762939453125,3115.4440572399217,3071.2881572160486,3115.4440572399217,4279874
2026-01-28,3140.073486328125,3145.0776781720924,3111.1268393421374,3116.425451779539,2751234
2026-01-29,3085.41796875,3140.07335254898,3066.9708064954257,3140.07335254898,2457641
2026-01-30,3065.302734375,3082.082073579965,3034.001200735196,3082.082073579965,3022068
2026-02-02,3110.1455078125,3138.0126916764966,3075.2131881532646,3138.0126916764966,2636272
2026-02-03,3164.80078125,3287.1616459496977,3126.532332237451,3287.1616459496977,4366060
2026-02-04,2942.84375,3061.475843095512,2929.9893806035893,3061.475843095512,10852595
2026-02-05,2935.38623046875,2972.869637012123,2916.5464269268496,2933.9143670738968,3521545
2026-02-06,2886.422119140625,2929.0079343210614,2861.302223276454,2920.765595757455,4687389
2026-02-09,2892.8984375,2921.15826303242,2882.3991930324937,2903.5941220720847,2380318
2026-02-10,2928.61572265625,2955.109263473934,2888.2865702537815,2894.468444356794,3547763
2026-02-11,2855.21875,2941.76426862986,2849.723697569715,2924.1019081110685,3363513
2026-02-12,2698.514404296875,2825.977676593803,2688.603761759382,2815.9690535680857,10612156
2026-02-13,2641.700439453125,2662.110326952746,2536.5113141072056,2536.5113141072056,11168735
2026-02-16,2655.830322265625,2668.7826718221954,2620.898002964758,2649.3540277067937,2918730
2026-02-17,2666.427490234375,2708.228504276998,2644.6439610469733,2665.0538469624375,4209118
2026-02-18,2644.349609375,2678.7913077273606,2607.4550449905755,2678.7913077273606,2950820
2026-02-19,2627.66845703125,2697.140454434555,2616.5806115438327,2657.2039438116426,3238849
2026-02-20,2635.81298828125,2651.905505554349,2597.838959616639,2616.973184248376,2293482
2026-02-23,2626.0986328125,2653.2789947204583,2610.3005370564806,2635.616634548502,4699596
2026-02-24,2525.423095703125,2597.8388206557183,2513.255787797201,2591.460746119642,7798833
2026-02-25,2579.980224609375,2604.4130601353972,2546.3235684513456,2547.3048106742554,3621285
2026-02-26,2598.03515625,2620.8981494569975,2585.573427113137,2600.292061423079,3464267
2026-02-27,2587.92822265625,2638.168017666852,2576.8403768444346,2631.299321894741,5083717
2026-03-02,2564.4765625,2574.5834053591284,2531.8993684474203,2543.37985460111,3374385
2026-03-04,2539.2587890625,2585.5733762002424,2531.997452542583,2575.7609535201655,3446434
2026-03-05,2530.427490234375,2560.551578540278,2498.6350985020495,2551.229777430436,2960636
2026-03-06,2509.625244140625,2570.069622274581,2505.7002751879877,2523.7550365456814,3998643
2026-03-09,2479.99169921875,2511.9802941008847,2458.0119674698108,2482.54302502939,3653428
2026-03-10,2465.9599609375,2497.45769299971,2443.39138949283,2493.3365235176843,4323710
2026-03-11,2418.6640625,2473.711851651557,2413.954291083466,2461.053921737681,2720664
2026-03-12,2396.5859375,2426.513825649523,2390.3060830242093,2413.6596961153996,2752075
2026-03-13,2365.284423828125,2400.0203033629555,2352.0376535639975,2391.287343235487,2466488
2026-03-16,2364.0087890625,2379.5124645789865,2321.7173916761253,2364.793830777467,3807907
2026-03-17,2346.837158203125,2374.6063631722786,2315.7318252423875,2374.6063631722786,2993367
2026-03-18,2395.01611328125,2436.326267951688,2364.793804301608,2364.793804301608,3082388
2026-03-19,2311.806640625,2378.5311107279285,2306.115387909886,2371.6624152761565,2757060
2026-03-20,2345.7578125,2362.6351312433567,2319.8528734315287,2341.2440023374425,4206320
2026-03-23,2339.085205078125,2361.6537756859007,2303.956686393805,2320.6378037995523,3860515
2026-03-24,2353.803955078125,2389.7172776589064,2334.47353068287,2359.0045869106293,3420182
2026-03-25,2332.80517578125,2376.1762738846405,2325.3478785890734,2355.864368126978,5843778
2026-03-27,2344.97265625,2376.6668272056972,2340.262645780238,2358.8080275261386,4979411
2026-03-30,2314.652099609375,2353.0187649541185,2302.1903717438945,2330.5484146912077,6804756
2026-04-01,2363.02734375,2425.6306420517385,2352.9205014959025,2383.437228779803,4132661
2026-04-02,2404.730224609375,2423.570027038862,2331.1370592120925,2341.24390183887,5378361
2026-04-06,2427.4951171875,2435.4432752720936,2402.2772391631793,2427.593337237373,2572417
2026-04-07,2492.1591796875,2496.182129281132,2402.0810908677395,2414.837240451596,4516550
2026-04-08,2511.195068359375,2531.899375247164,2492.453485493659,2523.755016821873,4769337
2026-04-09,2540.436279296875,2556.136155878084,2483.622446743067,2506.0927992754805,5628261
2026-04-10,2476.94970703125,2517.671257898199,2454.1849361455575,2517.671257898199,10480239
2026-04-13,2426.2197265625,2457.9136601554055,2423.6684008424363,2443.195026142192,3739587
2026-04-15,2506.975830078125,2510.9990192902537,2446.629429262826,2454.9699887251027,5261384
2026-04-16,2528.56298828125,2545.3423261167095,2510.0176060935014,2523.754997213638,3905403
2026-04-17,2533.07666015625,2540.435976426315,2507.9567647966655,2521.7923752088177,2718206
2026-04-20,2531.212646484375,2545.3424392975157,2513.15764504414,2538.571963483115,2288558
2026-04-21,2561.532958984375,2564.9673069470045,2511.9802240950007,2511.9802240950007,2719959
2026-04-22,2490.883544921875,2531.6050998221144,2456.6382849386455,2531.6050998221144,5232045
2026-04-23,2474.496826171875,2511.4896121641627,2469.0999936393873,2481.5617226658205,2509050
2026-04-24,2351.939453125,2458.0118361710306,2343.991534636913,2441.3307179215667,5107719
2026-04-27,2401.6884765625,2412.874541687738,2351.9393059532576,2351.9393059532576,5853425
2026-04-28,2398.8427734375,2440.349366669426,2381.867235359066,2398.155951805419,4508363
2026-04-29,2428.280029296875,2441.2323784506298,2401.688509360205,2405.024637022461,2835961
2026-04-30,2427.4951171875,2444.2744555611544,2392.26861608113,2432.4995485090735,3970446
2026-05-01,2427.4951171875,2427.4951171875,2427.4951171875,2427.4951171875,0
2026-05-04,2385.6943359375,2451.4375668418284,2379.512461835769,2447.2181772447047,2632358
2026-05-05,2381.76953125,2414.248508305356,2366.9526763935437,2384.418837601779,3385720
2026-05-06,2389.71728515625,2424.6496051586114,2361.3594798924314,2396.0953597954776,3147628
2026-05-07,2356.35498046875,2393.9366055534624,2353.018852732181,2392.4647422177254,5829594
2026-05-08,2349.486083984375,2361.8498307717123,2330.5483023329007,2353.018651512491,3792199
2026-05-11,2348.014404296875,2369.699953108347,2326.5252955775945,2326.5252955775945,1975188
2026-05-12,2257.151611328125,2330.450360002076,2240.176072372522,2330.450360002076,6347884
2026-05-13,2230.167236328125,2265.8843552424923,2226.4384681959255,2262.7444282326155,3171843
2026-05-14,2203.8701171875,2222.513720137884,2165.012827845418,2222.513720137884,5633313
2026-05-15,2221.532470703125,2261.665183205434,2209.7575636145925,2209.7575636145925,3410637
2026-05-18,2240.3720703125,2249.8900714309348,2209.953563101145,2221.5322685970373,3773336
2026-05-19,2283.448974609375,2333.0017090765828,2254.0117066090534,2256.857213357978,10394707
2026-05-20,2283.7431640625,2298.0693970332622,2274.3233820043192,2280.308816116464,2537422
2026-05-21,2283.546875,2292.0836345084317,2270.594525446405,2287.275643394801,3299087
2026-05-22,2273.83251953125,2296.1066687906364,2264.805139514887,2287.373709336333,2617262
2026-05-25,2295.61328125,2313.415817804508,2280.496215777924,2312.3217190072714,3298364
2026-05-26,2263.78759765625,2315.205623652634,2260.008270887014,2295.613098349941,3587597
2026-05-27,2271.744140625,2283.0821217701528,2248.571147658945,2262.5943570616037,2653950
2026-05-28,2271.744140625,2271.744140625,2271.744140625,2271.744140625,0
2026-05-29,2246.58203125,2321.2726050840133,2222.81245602518,2278.507085795833,16331582
2026-06-01,2284.8720703125,2322.267132829976,2267.5670504720965,2271.5452382799426,7505095
2026-06-02,2433.556884765625,2443.9996279549005,2303.569644295269,2307.34897134468,11306127
2026-06-03,2229.475830078125,2379.9508308808004,2212.6680838914085,2379.9508308808004,15660062
2026-06-04,2228.77978515625,2240.8139007540485,2204.5129359355733,2229.4759194813155,4867263
2026-06-05,2186.9091796875,2259.4117976453776,2180.0469028924485,2250.560184151513,5019717
2026-06-08,2139.668212890625,2165.128711955583,2131.6125282744956,2158.1668832997775,6536734
2026-06-09,2139.2705078125,2162.145087858845,2121.169801728995,2162.145087858845,4148655
2026-06-10,2142.154541015625,2168.907999188303,2133.1043096144995,2139.568864676436,2848650
2026-06-11,2123.95458984375,2142.8509821277357,2098.494090484758,2115.4013888441136,3079815
2026-06-12,2149.61376953125,2156.177876796519,2126.3414670622496,2138.276030955957,2124656
2026-06-15,2150.21044921875,2180.046856932239,2147.525221086398,2180.046856932239,3337083
2026-06-16,2187.0087890625,2196.954258771743,2148.818282502735,2155.183285992923,3079898
2026-06-17,2210.8779296875,2218.8343055028395,2188.6994835403766,2196.9542720106556,2865010
2026-06-18,2191.285400390625,2201.927004470057,2170.101501243751,2196.9542695909468,3735188
2026-06-19,2113.412353515625,2126.341464384191,2048.6672473500757,2093.521413717831,13286502
2026-06-22,2116.197021484375,2145.237743488044,2109.434053749718,2120.5729308842238,4566101
2026-06-23,2048.368896484375,2102.4721508294924,2043.7938836114508,2099.4885101234904,6392736
2026-06-24,2097.49951171875,2109.1356624395376,2049.7612582514666,2049.7612582514666,4747277
2026-06-25,2083.27734375,2136.78401555451,2076.61392807904,2121.965363861958,4738903
2026-06-26,2083.27734375,2083.27734375,2083.27734375,2083.27734375,0
2026-06-29,2086.4599609375,2093.521341445675,2059.706744956766,2078.6031371123327,3412470
2026-06-30,2020.422119140625,2092.8251853118586,2007.791421498655,2078.60311543387,6848411
2026-07-01,1971.788818359375,2040.8104030555382,1966.0205187179013,2028.776408877907,4658295
2026-07-02,2056.82275390625,2065.5745732846704,1991.580373389582,1997.0503819057583,6040621
2026-07-03,2082.083984375,2105.0581154318793,2073.6303355251375,2088.5485393778363,4028819
2026-07-06,2046.3798828125,2081.5867473982344,2039.4180542258837,2078.6031065753987,2567386
2026-07-07,2084.669921875,2111.124724588052,2037.8266642409067,2038.8212111731864,4769048
2026-07-08,2046.2803955078125,2098.1956989000228,2037.6278854106638,2082.5813599967723,3666985
2026-07-09,2038.323974609375,2053.7394523387943,2005.006651774823,2046.280350211656,3791498
2026-07-10,2057.717529296875,2121.666943317309,2053.341620075063,2093.7200783959847,6714551
2026-07-13,2169.604248046875,2192.8765503750355,2053.8390761022306,2063.684994131224,12382622
2026-07-14,2188.60009765625,2215.850586742918,2167.1177865856457,2170.996422535663,9546290
2026-07-15,2189.199951171875,2202.89990234375,2145.39990234375,2174.10009765625,5426489
2026-07-16,2201.0,2231.39990234375,2187.800048828125,2206.0,5197595
2026-07-17,2269.0,2275.0,2215.10009765625,2224.800048828125,5615138
2026-07-20,2251.10009765625,2283.39990234375,2245.10009765625,2280.10009765625,2202693
2026-07-21,2221.10009765625,2259.89990234375,2218.5,2245.10009765625,2382160
2026-07-22,2208.300048828125,2226.800048828125,2201.0,2216.0,1599665
2026-07-23,2242.89990234375,2250.0,2193.60009765625,2204.0,2503539
2026-07-24,2254.300048828125,2264.300048828125,2205.10009765625,2205.10009765625,3211699
2026-07-27,2295.60009765625,2315.0,2272.39990234375,2286.0,4007292
2026-07-28,2398.0,2417.39990234375,2323.0,2325.0,8248513
2026-07-29,2446.60009765625,2475.5,2415.10009765625,2440.0,7169419
2026-07-30,2431.800048828125,2495.0,2423.0,2440.0,4901582
2026-07-31,2365.60009765625,2391.0,2326.10009765625,2385.0,4343683
2026-08-03,2473.699951171875,2473.699951171875,2383.0,2383.89990234375,3036839
2026-08-04,2460.0,2467.39990234375,2435.10009765625,2463.10009765625,2792792
2026-08-05,2413.0,2460.89990234375,2408.0,2460.0,3014409
2026-08-06,2373.0,2434.5,2368.5,2417.0,2729141
2026-08-07,2452.699951171875,2457.699951171875,2375.0,2375.0,4547979
2026-08-10,2425.699951171875,2472.89990234375,2423.5,2452.699951171875,2322023
2026-08-11,2445.699951171875,2456.60009765625,2428.0,2438.0,1514105
2026-08-12,2349.699951171875,2445.800048828125,2300.10009765625,2445.699951171875,7022647
2026-08-13,2375.0,2375.0,2332.300048828125,2349.699951171875,2123494
2026-08-14,2361.0,2390.0,2333.39990234375,2375.10009765625,2232160
2026-08-17,2313.199951171875,2361.10009765625,2310.60009765625,2351.0,2237636
2026-08-18,2280.0,2307.0,2280.0,2300.0,1797822
2026-08-19,2289.0,2308.199951171875,2258.300048828125,2293.60009765625,3368922
2026-08-20,2298.0,2329.0,2288.10009765625,2319.39990234375,2047848
2026-08-21,2302.0,2307.199951171875,2263.300048828125,2290.10009765625,2066749
2026-08-24,2284.10009765625,2321.60009765625,2279.5,2302.39990234375,1542723
2026-08-25,2296.199951171875,2313.5,2262.0,2305.0,3041609
2026-08-26,2270.0,2306.300048828125,2266.39990234375,2305.10009765625,1660737
2026-08-27,2248.39990234375,2283.60009765625,2243.89990234375,2270.0,1709113
2026-08-28,2342.0,2348.5,2263.300048828125,2272.0,4054069
2026-08-31,2399.300048828125,2399.300048828125,2306.199951171875,2342.0,2905846
2026-09-01,2369.0,2372.0,2325.0,2355.0,2678034
2026-09-02,2348.0,2363.0,2303.5,2347.89990234375,2533005
2026-09-03,2320.10009765625,2353.60009765625,2316.10009765625,2353.60009765625,1892786
2026-09-04,2304.0,2363.89990234375,2302.39990234375,2330.0,2564322
